DATE,VARIABLE,VALUE,sign_if_LT_LOD
14-Feb-45,PO4P,4,
14-Mar-45,PO4P,2,
21-Mar-45,PO4P,3,
28-Mar-45,PO4P,3,
04-Apr-45,PO4P,3,
11-Apr-45,PO4P,5,
18-Apr-45,PO4P,1,<
25-Apr-45,PO4P,1,<
02-May-45,PO4P,1,<
10-May-45,PO4P,1,
17-May-45,PO4P,1,<
23-May-45,PO4P,1,<
30-May-45,PO4P,1,<
06-Jun-45,PO4P,1,<
13-Jun-45,PO4P,1,<
20-Jun-45,PO4P,1,<
27-Jun-45,PO4P,1,<
03-Jul-45,PO4P,1,<
11-Jul-45,PO4P,1,<
18-Jul-45,PO4P,1,<
25-Jul-45,PO4P,1,<
01-Aug-45,PO4P,1,
08-Aug-45,PO4P,1,<
13-Aug-45,PO4P,1,<
21-Aug-45,PO4P,1,<
29-Aug-45,PO4P,1,<
05-Sep-45,PO4P,1,<
12-Sep-45,PO4P,1,
19-Sep-45,PO4P,1.9,
26-Sep-45,PO4P,1.7,
02-Oct-45,PO4P,2,
10-Oct-45,PO4P,1.7,
17-Oct-45,PO4P,1.2,
25-Oct-45,PO4P,2,
31-Oct-45,PO4P,1.6,
07-Nov-45,PO4P,1.8,
14-Nov-45,PO4P,1.4,
22-Nov-45,PO4P,1,
28-Nov-45,PO4P,1,
12-Dec-45,PO4P,1,
19-Dec-45,PO4P,1,
26-Dec-45,PO4P,2,
02-Jan-46,PO4P,2.2,
09-Jan-46,PO4P,2,
17-Jan-46,PO4P,2,
24-Jan-46,PO4P,2.5,
31-Jan-46,PO4P,2.3,
06-Feb-46,PO4P,2,
13-Feb-46,PO4P,2,
22-Feb-46,PO4P,3,
27-Feb-46,PO4P,2,
06-Mar-46,PO4P,2,
15-Mar-46,PO4P,2,
20-Mar-46,PO4P,2,
27-Mar-46,PO4P,1,
03-Apr-46,PO4P,1,
09-Apr-46,PO4P,2,
17-Apr-46,PO4P,2,
24-Apr-46,PO4P,2,
01-May-46,PO4P,2,
08-May-46,PO4P,2,
15-May-46,PO4P,1,
19-Jun-46,PO4P,1,
10-Jul-46,PO4P,0.5,
31-Jul-46,PO4P,0.5,
27-Aug-46,PO4P,1,
08-Oct-46,PO4P,1,
23-Oct-46,PO4P,1,
30-Oct-46,PO4P,1,
07-Nov-46,PO4P,2,
13-Nov-46,PO4P,1,
20-Nov-46,PO4P,2,
27-Nov-46,PO4P,1.5,
04-Dec-46,PO4P,2,
11-Dec-46,PO4P,3,
18-Dec-46,PO4P,1,
08-Jan-47,PO4P,3,
10-Feb-47,PO4P,3,
18-Feb-47,PO4P,2.4,
24-Feb-47,PO4P,2,
07-Mar-47,PO4P,2,
14-Mar-47,PO4P,2.4,
20-Mar-47,PO4P,2,
26-Mar-47,PO4P,2.4,
01-Apr-47,PO4P,2,
08-Apr-47,PO4P,2,
16-Apr-47,PO4P,2,
22-Apr-47,PO4P,2,
28-Apr-47,PO4P,2,
05-May-47,PO4P,1.8,
12-May-47,PO4P,1.6,
19-May-47,PO4P,1.4,
26-May-47,PO4P,1.4,
02-Jun-47,PO4P,1.5,
09-Jun-47,PO4P,1.2,
16-Jun-47,PO4P,1.1,
24-Jun-47,PO4P,1,
30-Jun-47,PO4P,2,
21-Jul-47,PO4P,1.2,
18-Aug-47,PO4P,1,
25-Aug-47,PO4P,1.2,
01-Sep-47,PO4P,1,
10-Sep-47,PO4P,1.6,
15-Sep-47,PO4P,1,
23-Sep-47,PO4P,1,
29-Sep-47,PO4P,1.6,
06-Oct-47,PO4P,1.4,
13-Oct-47,PO4P,1.5,
27-Oct-47,PO4P,1,
10-Nov-47,PO4P,1.4,
17-Nov-47,PO4P,1.6,
08-Dec-47,PO4P,1,
29-Dec-47,PO4P,2,
05-Jan-48,PO4P,1,
12-Jan-48,PO4P,1,
26-Jan-48,PO4P,1.4,
02-Feb-48,PO4P,2,
09-Feb-48,PO4P,2,
16-Feb-48,PO4P,2,
23-Feb-48,PO4P,2.5,
01-Mar-48,PO4P,2,
08-Mar-48,PO4P,2,
15-Mar-48,PO4P,1.6,
22-Mar-48,PO4P,1.3,
05-Apr-48,PO4P,1.2,
12-Apr-48,PO4P,1,
20-Apr-48,PO4P,1.6,
11-May-48,PO4P,1,
31-May-48,PO4P,1,<
07-Jun-48,PO4P,1.2,
14-Jun-48,PO4P,1,<
21-Jun-48,PO4P,1.4,
28-Jun-48,PO4P,1,
05-Jul-48,PO4P,1,<
12-Jul-48,PO4P,1.2,
31-Jul-48,PO4P,1,
07-Aug-48,PO4P,1,
30-Aug-48,PO4P,1,
06-Sep-48,PO4P,1,
13-Sep-48,PO4P,1,<
20-Sep-48,PO4P,1,<
27-Sep-48,PO4P,1,<
04-Oct-48,PO4P,1,<
11-Oct-48,PO4P,1,
18-Oct-48,PO4P,1,<
25-Oct-48,PO4P,1,
03-Nov-48,PO4P,1,<
08-Nov-48,PO4P,1,<
15-Nov-48,PO4P,1,
22-Nov-48,PO4P,1,
29-Nov-48,PO4P,1,<
13-Dec-48,PO4P,1,<
27-Dec-48,PO4P,1,
03-Jan-49,PO4P,1,
10-Jan-49,PO4P,1,
17-Jan-49,PO4P,1,
24-Jan-49,PO4P,1.2,
07-Feb-49,PO4P,1,
21-Feb-49,PO4P,1,
28-Feb-49,PO4P,1,
07-Mar-49,PO4P,1,
14-Mar-49,PO4P,1.4,
21-Mar-49,PO4P,1,
28-Mar-49,PO4P,1,
11-Apr-49,PO4P,1,
19-Apr-49,PO4P,1.2,
25-Apr-49,PO4P,1,
02-May-49,PO4P,1,
09-May-49,PO4P,0.8,
31-May-49,PO4P,1,<
15-Jun-49,PO4P,1,<
28-Jun-49,PO4P,1,<
11-Jul-49,PO4P,1,<
25-Jul-49,PO4P,1,<
03-Aug-49,PO4P,1,<
09-Aug-49,PO4P,1.2,
23-Aug-49,PO4P,1,<
13-Sep-49,PO4P,1,<
26-Sep-49,PO4P,1,<
11-Oct-49,PO4P,1,<
07-Nov-49,PO4P,1,
22-Nov-49,PO4P,1,<
05-Dec-49,PO4P,1,<
19-Dec-49,PO4P,1,<
03-Jan-50,PO4P,2,
24-Jan-50,PO4P,1,
06-Feb-50,PO4P,1,
13-Feb-50,PO4P,1,
28-Feb-50,PO4P,1,
13-Mar-50,PO4P,1,
28-Mar-50,PO4P,1,
11-Apr-50,PO4P,1,<
24-Apr-50,PO4P,1,<
08-May-50,PO4P,1,<
22-May-50,PO4P,1,<
12-Jun-50,PO4P,1,<
26-Jun-50,PO4P,1,<
17-Jul-50,PO4P,1,<
03-Oct-50,PO4P,1,
10-Oct-50,PO4P,1,<
23-Oct-50,PO4P,1,<
30-Oct-50,PO4P,1.5,
14-Nov-50,PO4P,1,
27-Nov-50,PO4P,1,
18-Dec-50,PO4P,1,<
08-Jan-51,PO4P,1,<
29-Jan-51,PO4P,1.5,
12-Feb-51,PO4P,1.5,
26-Feb-51,PO4P,1,
12-Mar-51,PO4P,1,<
09-Apr-51,PO4P,1,
16-Apr-51,PO4P,1,
23-Apr-51,PO4P,1,
30-Apr-51,PO4P,1,
07-May-51,PO4P,1,
15-May-51,PO4P,1,<
21-May-51,PO4P,1,
28-May-51,PO4P,1,<
04-Jun-51,PO4P,1,
11-Jun-51,PO4P,1,
18-Jun-51,PO4P,1,
25-Jun-51,PO4P,1,
02-Jul-51,PO4P,1,<
09-Jul-51,PO4P,1,<
16-Jul-51,PO4P,1,<
23-Jul-51,PO4P,1,<
30-Jul-51,PO4P,1,<
06-Aug-51,PO4P,1,<
13-Aug-51,PO4P,1,
20-Aug-51,PO4P,1,<
03-Sep-51,PO4P,1,<
10-Sep-51,PO4P,1,<
17-Sep-51,PO4P,1,<
24-Sep-51,PO4P,1,<
01-Oct-51,PO4P,1,
08-Oct-51,PO4P,1,
15-Oct-51,PO4P,1,<
22-Oct-51,PO4P,1,<
29-Oct-51,PO4P,1,<
05-Nov-51,PO4P,1,<
12-Nov-51,PO4P,1,<
19-Nov-51,PO4P,1,<
26-Nov-51,PO4P,1,<
03-Dec-51,PO4P,1,<
10-Dec-51,PO4P,1,<
19-Dec-51,PO4P,1,
31-Dec-51,PO4P,1,<
07-Jan-52,PO4P,1,<
14-Jan-52,PO4P,1,<
22-Jan-52,PO4P,1,<
30-Jan-52,PO4P,1,
04-Feb-52,PO4P,1,<
11-Feb-52,PO4P,1,<
25-Feb-52,PO4P,1,<
03-Mar-52,PO4P,1,<
10-Mar-52,PO4P,1,<
17-Mar-52,PO4P,1,<
24-Mar-52,PO4P,1,<
31-Mar-52,PO4P,1,<
07-Apr-52,PO4P,1,<
15-Apr-52,PO4P,1,<
21-Apr-52,PO4P,1,<
28-Apr-52,PO4P,1,
12-May-52,PO4P,1,<
19-May-52,PO4P,1,<
26-May-52,PO4P,1,<
03-Jun-52,PO4P,1,
09-Jun-52,PO4P,1,
16-Jun-52,PO4P,1,<
23-Jun-52,PO4P,1,<
30-Jun-52,PO4P,1,<
07-Jul-52,PO4P,1,<
14-Jul-52,PO4P,1,<
21-Jul-52,PO4P,1,<
28-Jul-52,PO4P,1,<
05-Aug-52,PO4P,1,<
12-Aug-52,PO4P,1,<
18-Aug-52,PO4P,1,
25-Aug-52,PO4P,1,
01-Sep-52,PO4P,1,<
08-Sep-52,PO4P,1,
15-Sep-52,PO4P,1,<
22-Sep-52,PO4P,1,<
29-Sep-52,PO4P,1,<
06-Oct-52,PO4P,1,<
13-Oct-52,PO4P,1,<
20-Oct-52,PO4P,1,<
03-Nov-52,PO4P,1,
10-Nov-52,PO4P,1,
17-Nov-52,PO4P,1,
24-Nov-52,PO4P,1,
01-Dec-52,PO4P,1,<
08-Dec-52,PO4P,1,
15-Dec-52,PO4P,1,
06-Jan-53,PO4P,1.5,
12-Jan-53,PO4P,2,
19-Jan-53,PO4P,2,
26-Jan-53,PO4P,2,
02-Feb-53,PO4P,1,
09-Feb-53,PO4P,1,
16-Feb-53,PO4P,1,
23-Feb-53,PO4P,1.5,
02-Mar-53,PO4P,1,
09-Mar-53,PO4P,1,
16-Mar-53,PO4P,1,<
23-Mar-53,PO4P,1,<
31-Mar-53,PO4P,1,<
06-Apr-53,PO4P,1,<
13-Apr-53,PO4P,1,<
20-Apr-53,PO4P,1,<
27-Apr-53,PO4P,1,<
04-May-53,PO4P,1,<
11-May-53,PO4P,1,<
18-May-53,PO4P,1,<
26-May-53,PO4P,1,<
01-Jun-53,PO4P,1,<
08-Jun-53,PO4P,1,<
15-Jun-53,PO4P,1,<
22-Jun-53,PO4P,1,<
29-Jun-53,PO4P,1,<
06-Jul-53,PO4P,1,
14-Jul-53,PO4P,1,<
20-Jul-53,PO4P,1,<
27-Jul-53,PO4P,1,<
04-Aug-53,PO4P,1,<
10-Aug-53,PO4P,1,<
17-Aug-53,PO4P,1,<
24-Aug-53,PO4P,1.5,
31-Aug-53,PO4P,1,
07-Sep-53,PO4P,1,<
14-Sep-53,PO4P,1,<
21-Sep-53,PO4P,1,<
28-Sep-53,PO4P,1,<
05-Oct-53,PO4P,1,<
12-Oct-53,PO4P,1,<
19-Oct-53,PO4P,1,<
26-Oct-53,PO4P,1,
02-Nov-53,PO4P,1.5,
09-Nov-53,PO4P,3,
16-Nov-53,PO4P,5,
23-Nov-53,PO4P,3,
30-Nov-53,PO4P,5,
07-Dec-53,PO4P,4,
14-Dec-53,PO4P,6,
21-Dec-53,PO4P,4,
30-Dec-53,PO4P,4,
04-Jan-54,PO4P,2,
11-Jan-54,PO4P,2,
18-Jan-54,PO4P,1,
25-Jan-54,PO4P,1,
01-Feb-54,PO4P,1,
15-Feb-54,PO4P,1,
22-Feb-54,PO4P,2,
01-Mar-54,PO4P,2,
08-Mar-54,PO4P,3,
15-Mar-54,PO4P,2,
22-Mar-54,PO4P,1,
29-Mar-54,PO4P,1,
12-Apr-54,PO4P,1,<
20-Apr-54,PO4P,1,<
26-Apr-54,PO4P,1,<
03-May-54,PO4P,1,<
10-May-54,PO4P,1,<
17-May-54,PO4P,1,<
24-May-54,PO4P,1,<
31-May-54,PO4P,1,<
08-Jun-54,PO4P,1,<
16-Jun-54,PO4P,1,<
21-Jun-54,PO4P,1,
28-Jun-54,PO4P,1,<
05-Jul-54,PO4P,1,<
12-Jul-54,PO4P,1,<
19-Jul-54,PO4P,1,<
26-Jul-54,PO4P,1,<
03-Aug-54,PO4P,1,<
09-Aug-54,PO4P,1,<
17-Aug-54,PO4P,1,<
24-Aug-54,PO4P,1,<
13-Sep-54,PO4P,1,<
20-Sep-54,PO4P,1,<
25-Oct-54,PO4P,1,
01-Nov-54,PO4P,1,
15-Nov-54,PO4P,1,
22-Nov-54,PO4P,1,
06-Dec-54,PO4P,1,
13-Dec-54,PO4P,1,
20-Dec-54,PO4P,2.5,
28-Dec-54,PO4P,3,
03-Jan-55,PO4P,3,
10-Jan-55,PO4P,2,
17-Jan-55,PO4P,2,
24-Jan-55,PO4P,1,
31-Jan-55,PO4P,1,
14-Feb-55,PO4P,1,<
14-Mar-55,PO4P,1,<
21-Mar-55,PO4P,1,<
28-Mar-55,PO4P,1,<
04-Apr-55,PO4P,1,<
11-Apr-55,PO4P,1,<
02-May-55,PO4P,1,<
04-Jul-55,PO4P,1,
11-Jul-55,PO4P,1,<
18-Jul-55,PO4P,1,<
25-Jul-55,PO4P,1,<
01-Aug-55,PO4P,1,
15-Aug-55,PO4P,1,<
05-Sep-55,PO4P,1,
19-Sep-55,PO4P,1,
27-Sep-55,PO4P,1,<
04-Oct-55,PO4P,1,<
24-Oct-55,PO4P,1,
28-Nov-55,PO4P,1,<
10-Dec-56,PO4P,0.3,
17-Dec-56,PO4P,0.3,
31-Dec-56,PO4P,0.3,
07-Jan-57,PO4P,0.4,
14-Jan-57,PO4P,0.2,
21-Jan-57,PO4P,0.7,
28-Jan-57,PO4P,0.2,
11-Mar-57,PO4P,1,
01-Apr-57,PO4P,0.3,
13-May-57,PO4P,0.2,
29-Jul-57,PO4P,0.6,
06-Aug-57,PO4P,0.1,
02-Sep-57,PO4P,0.4,
09-Sep-57,PO4P,0.4,
16-Sep-57,PO4P,0.2,
23-Sep-57,PO4P,0.6,
30-Sep-57,PO4P,0.2,
07-Oct-57,PO4P,0.5,
14-Oct-57,PO4P,0.3,
03-Feb-58,PO4P,2.7,
10-Feb-58,PO4P,2.6,
17-Feb-58,PO4P,2.7,
24-Feb-58,PO4P,1.9,
10-Mar-58,PO4P,2.5,
17-Mar-58,PO4P,1.7,
24-Mar-58,PO4P,1.2,
31-Mar-58,PO4P,1,
14-Apr-58,PO4P,0.5,
21-Apr-58,PO4P,0.5,
28-Apr-58,PO4P,0.3,
05-May-58,PO4P,0.5,
12-May-58,PO4P,0.6,
19-May-58,PO4P,0.5,
27-May-58,PO4P,0.4,
03-Jun-58,PO4P,0.4,
10-Jun-58,PO4P,0.1,
17-Jun-58,PO4P,0.4,
02-Jul-58,PO4P,0.3,
09-Jul-58,PO4P,0.3,
16-Jul-58,PO4P,0.1,
22-Jul-58,PO4P,0.2,
12-Aug-58,PO4P,0.6,
07-Oct-58,PO4P,0.4,
14-Oct-58,PO4P,1,
21-Oct-58,PO4P,0.7,
04-Nov-58,PO4P,1.1,
11-Nov-58,PO4P,1.4,
18-Nov-58,PO4P,1.7,
25-Nov-58,PO4P,2.3,
02-Dec-58,PO4P,2.4,
09-Dec-58,PO4P,2.3,
16-Dec-58,PO4P,2.6,
30-Dec-58,PO4P,3.1,
06-Jan-59,PO4P,3.2,
12-Jan-59,PO4P,3.1,
20-Jan-59,PO4P,2.5,
03-Feb-59,PO4P,2.8,
10-Feb-59,PO4P,2.8,
17-Feb-59,PO4P,3.4,
24-Feb-59,PO4P,2.7,
03-Mar-59,PO4P,2.6,
10-Mar-59,PO4P,3.7,
17-Mar-59,PO4P,2.1,
24-Mar-59,PO4P,1.7,
01-Apr-59,PO4P,1,
14-Apr-59,PO4P,0.8,
21-Apr-59,PO4P,0.6,
28-Apr-59,PO4P,0.4,
05-May-59,PO4P,0.3,
12-May-59,PO4P,0.3,
19-May-59,PO4P,0.4,
26-May-59,PO4P,0.2,
09-Jun-59,PO4P,0.5,
16-Jun-59,PO4P,1.6,
23-Jun-59,PO4P,0.9,
30-Jun-59,PO4P,0.2,
07-Jul-59,PO4P,0.2,
14-Jul-59,PO4P,0.3,
21-Jul-59,PO4P,0.2,
28-Jul-59,PO4P,0.2,
05-Aug-59,PO4P,0.1,
11-Aug-59,PO4P,0.2,
18-Aug-59,PO4P,0.4,
25-Aug-59,PO4P,0.4,
08-Sep-59,PO4P,0.3,
13-Oct-59,PO4P,0.2,
20-Oct-59,PO4P,0.3,
03-Nov-59,PO4P,0.8,
10-Nov-59,PO4P,0.7,
17-Nov-59,PO4P,0.9,
24-Nov-59,PO4P,1,
01-Dec-59,PO4P,1.3,
08-Dec-59,PO4P,1.7,
15-Dec-59,PO4P,1.5,
22-Dec-59,PO4P,1.9,
29-Dec-59,PO4P,1.8,
05-Jan-60,PO4P,2,
12-Jan-60,PO4P,1.7,
19-Jan-60,PO4P,1.9,
26-Jan-60,PO4P,2.7,
02-Feb-60,PO4P,2.1,
09-Feb-60,PO4P,2.9,
16-Feb-60,PO4P,2.7,
23-Feb-60,PO4P,2.6,
01-Mar-60,PO4P,2.7,
08-Mar-60,PO4P,2.4,
15-Mar-60,PO4P,2.4,
22-Mar-60,PO4P,2.2,
29-Mar-60,PO4P,2,
12-Apr-60,PO4P,2,
20-Apr-60,PO4P,0.5,
26-Apr-60,PO4P,0.4,
03-May-60,PO4P,0.3,
10-May-60,PO4P,0.1,
17-May-60,PO4P,0.4,
08-Jun-60,PO4P,0.1,
14-Jun-60,PO4P,0.5,
21-Jun-60,PO4P,0.1,
28-Jun-60,PO4P,0.1,
04-Jul-60,PO4P,0.2,
11-Jul-60,PO4P,0.8,
18-Jul-60,PO4P,0.5,
25-Jul-60,PO4P,0.3,
08-Aug-60,PO4P,0.4,
15-Aug-60,PO4P,0.1,
13-Sep-60,PO4P,0.1,
27-Sep-60,PO4P,0.2,
04-Oct-60,PO4P,0.6,
11-Oct-60,PO4P,0.7,
18-Oct-60,PO4P,0.4,
25-Oct-60,PO4P,0.3,
01-Nov-60,PO4P,0.4,
08-Nov-60,PO4P,0.9,
15-Nov-60,PO4P,0.8,
22-Nov-60,PO4P,1.1,
29-Nov-60,PO4P,1.4,
13-Dec-60,PO4P,1,
20-Dec-60,PO4P,1.3,
28-Dec-60,PO4P,1.7,
03-Jan-61,PO4P,2.3,
10-Jan-61,PO4P,2,
17-Jan-61,PO4P,2.1,
24-Jan-61,PO4P,2.6,
31-Jan-61,PO4P,2.9,
07-Feb-61,PO4P,2.8,
14-Feb-61,PO4P,3.6,
21-Feb-61,PO4P,1.8,
28-Feb-61,PO4P,2.2,
07-Mar-61,PO4P,2.4,
14-Mar-61,PO4P,1.7,
21-Mar-61,PO4P,2,
28-Mar-61,PO4P,1.7,
11-Apr-61,PO4P,0.7,
25-Apr-61,PO4P,0.3,
02-May-61,PO4P,0.6,
09-May-61,PO4P,0.4,
16-May-61,PO4P,0.4,
24-May-61,PO4P,0.2,
30-May-61,PO4P,0.1,
06-Jun-61,PO4P,0.1,
13-Jun-61,PO4P,0.2,
20-Jun-61,PO4P,0.5,
27-Jun-61,PO4P,0.4,
04-Jul-61,PO4P,0.2,
25-Jul-61,PO4P,0.1,
08-Aug-61,PO4P,0.8,
21-Aug-61,PO4P,0.1,
05-Sep-61,PO4P,0.4,
12-Sep-61,PO4P,0.6,
19-Sep-61,PO4P,0.5,
26-Sep-61,PO4P,0.4,
03-Oct-61,PO4P,0.5,
10-Oct-61,PO4P,0.6,
17-Oct-61,PO4P,0.7,
24-Oct-61,PO4P,1.1,
31-Oct-61,PO4P,1.2,
07-Nov-61,PO4P,1,
14-Nov-61,PO4P,1.3,
21-Nov-61,PO4P,2.4,
28-Nov-61,PO4P,2.6,
05-Dec-61,PO4P,5.5,
12-Dec-61,PO4P,3.2,
19-Dec-61,PO4P,4,
28-Dec-61,PO4P,5.8,
03-Jan-62,PO4P,4,
09-Jan-62,PO4P,4.5,
16-Jan-62,PO4P,5.7,
13-Feb-62,PO4P,3,
20-Feb-62,PO4P,3.2,
27-Feb-62,PO4P,3.3,
06-Mar-62,PO4P,2.3,
13-Mar-62,PO4P,2.2,
20-Mar-62,PO4P,1.5,
27-Mar-62,PO4P,0.9,
03-Apr-62,PO4P,1.8,
17-Apr-62,PO4P,0.5,
25-Apr-62,PO4P,0.5,
01-May-62,PO4P,0.3,
08-May-62,PO4P,0.7,
15-May-62,PO4P,0.4,
22-May-62,PO4P,0.2,
29-May-62,PO4P,0.4,
05-Jun-62,PO4P,0.4,
13-Jun-62,PO4P,0.3,
19-Jun-62,PO4P,0.7,
10-Jul-62,PO4P,0.4,
24-Jul-62,PO4P,0.7,
31-Jul-62,PO4P,0.3,
07-Aug-62,PO4P,0.4,
14-Aug-62,PO4P,0.6,
21-Aug-62,PO4P,0.4,
28-Aug-62,PO4P,0.8,
04-Sep-62,PO4P,0.1,
11-Sep-62,PO4P,0.3,
18-Sep-62,PO4P,0.1,
09-Oct-62,PO4P,0.5,
16-Oct-62,PO4P,0.2,
23-Oct-62,PO4P,0.4,
30-Oct-62,PO4P,0.6,
13-Nov-62,PO4P,0.5,
20-Nov-62,PO4P,1,
27-Nov-62,PO4P,0.8,
04-Dec-62,PO4P,0.7,
11-Dec-62,PO4P,1,
18-Dec-62,PO4P,1.7,
28-Dec-62,PO4P,1.2,
31-Dec-62,PO4P,2,
08-Jan-63,PO4P,3.2,
15-Jan-63,PO4P,2.8,
22-Jan-63,PO4P,2.7,
04-Feb-63,PO4P,4.2,
11-Feb-63,PO4P,1.8,
18-Feb-63,PO4P,1.6,
25-Feb-63,PO4P,1.2,
04-Mar-63,PO4P,1.3,
11-Mar-63,PO4P,2.6,
18-Mar-63,PO4P,1.5,
25-Mar-63,PO4P,1.8,
01-Apr-63,PO4P,1.8,
08-Apr-63,PO4P,1.5,
16-Apr-63,PO4P,0.7,
22-Apr-63,PO4P,0.5,
29-Apr-63,PO4P,0.3,
06-May-63,PO4P,0.4,
13-May-63,PO4P,0.3,
20-May-63,PO4P,0.4,
27-May-63,PO4P,0.2,
04-Jun-63,PO4P,0.2,
10-Jun-63,PO4P,0.1,
17-Jun-63,PO4P,0.3,
24-Jun-63,PO4P,0.2,
01-Jul-63,PO4P,0.3,
15-Jul-63,PO4P,0.2,
22-Jul-63,PO4P,0.5,
29-Jul-63,PO4P,0.5,
06-Aug-63,PO4P,0.2,
12-Aug-63,PO4P,0.7,
19-Aug-63,PO4P,0.1,
26-Aug-63,PO4P,0.4,
02-Sep-63,PO4P,0.1,
09-Sep-63,PO4P,0.3,
16-Sep-63,PO4P,0.4,
23-Sep-63,PO4P,0.2,
30-Sep-63,PO4P,0.9,
08-Oct-63,PO4P,1.5,
15-Oct-63,PO4P,1,
22-Oct-63,PO4P,1.7,
29-Oct-63,PO4P,1.2,
05-Nov-63,PO4P,1.4,
12-Nov-63,PO4P,1.6,
19-Nov-63,PO4P,2.2,
26-Nov-63,PO4P,2.6,
03-Dec-63,PO4P,3.1,
10-Dec-63,PO4P,2.7,
17-Dec-63,PO4P,3.1,
31-Dec-63,PO4P,3.5,
07-Jan-64,PO4P,3.3,
14-Jan-64,PO4P,3.7,
21-Jan-64,PO4P,3.1,
28-Jan-64,PO4P,3.3,
04-Feb-64,PO4P,3.4,
11-Feb-64,PO4P,3.4,
18-Feb-64,PO4P,3.6,
25-Feb-64,PO4P,3.1,
02-Mar-64,PO4P,3,
09-Mar-64,PO4P,2.7,
16-Mar-64,PO4P,2.5,
23-Mar-64,PO4P,2.3,
31-Mar-64,PO4P,1.7,
06-Apr-64,PO4P,1.3,
14-Apr-64,PO4P,0.7,
20-Apr-64,PO4P,0.6,
27-Apr-64,PO4P,0.3,
04-May-64,PO4P,0.4,
11-May-64,PO4P,0.6,
18-May-64,PO4P,0.1,
25-May-64,PO4P,0.2,
01-Jun-64,PO4P,0.2,
08-Jun-64,PO4P,0.6,
15-Jun-64,PO4P,0.6,
22-Jun-64,PO4P,0.1,
13-Jul-64,PO4P,0.2,
20-Jul-64,PO4P,0.3,
10-Aug-64,PO4P,0.2,
17-Aug-64,PO4P,0.2,
31-Aug-64,PO4P,0.2,
07-Sep-64,PO4P,0.3,
14-Sep-64,PO4P,0.4,
21-Sep-64,PO4P,0.2,
28-Sep-64,PO4P,0.5,
06-Oct-64,PO4P,0.2,
13-Oct-64,PO4P,0.4,
20-Oct-64,PO4P,0.4,
27-Oct-64,PO4P,0.5,
03-Nov-64,PO4P,0.6,
10-Nov-64,PO4P,0.6,
17-Nov-64,PO4P,0.6,
24-Nov-64,PO4P,1.4,
01-Dec-64,PO4P,1.4,
08-Dec-64,PO4P,2.3,
15-Dec-64,PO4P,3.2,
29-Dec-64,PO4P,3.3,
05-Jan-65,PO4P,3.5,
12-Jan-65,PO4P,3.5,
19-Jan-65,PO4P,3.8,
25-Jan-65,PO4P,3.2,
02-Feb-65,PO4P,3,
09-Feb-65,PO4P,3.7,
16-Feb-65,PO4P,3.6,
23-Feb-65,PO4P,4.1,
01-Mar-65,PO4P,4.1,
08-Mar-65,PO4P,3.7,
15-Mar-65,PO4P,3.5,
22-Mar-65,PO4P,2.8,
29-Mar-65,PO4P,2.5,
06-Apr-65,PO4P,1.1,
13-Apr-65,PO4P,0.5,
20-Apr-65,PO4P,0.7,
26-Apr-65,PO4P,0.3,
10-May-65,PO4P,0.3,
17-May-65,PO4P,0.2,
24-May-65,PO4P,0.2,
08-Jun-65,PO4P,0.1,
21-Jun-65,PO4P,0.4,
28-Jun-65,PO4P,0.4,
05-Jul-65,PO4P,0.4,
12-Jul-65,PO4P,0.2,
19-Jul-65,PO4P,0.3,
26-Jul-65,PO4P,0.3,
02-Aug-65,PO4P,0.4,
09-Aug-65,PO4P,0.4,
16-Aug-65,PO4P,0.2,
23-Aug-65,PO4P,0.3,
31-Aug-65,PO4P,0.3,
06-Sep-65,PO4P,0.2,
13-Sep-65,PO4P,0.3,
20-Sep-65,PO4P,0.2,
27-Sep-65,PO4P,0.4,
05-Oct-65,PO4P,0.4,
12-Oct-65,PO4P,0.2,
19-Oct-65,PO4P,0.3,
26-Oct-65,PO4P,0.4,
02-Nov-65,PO4P,0.7,
09-Nov-65,PO4P,0.8,
16-Nov-65,PO4P,0.8,
23-Nov-65,PO4P,1.2,
30-Nov-65,PO4P,1.4,
07-Dec-65,PO4P,1.9,
14-Dec-65,PO4P,1.4,
20-Dec-65,PO4P,2.1,
27-Dec-65,PO4P,3,
04-Jan-66,PO4P,3.1,
11-Jan-66,PO4P,3.1,
18-Jan-66,PO4P,3.2,
25-Jan-66,PO4P,3.6,
01-Feb-66,PO4P,3.4,
08-Feb-66,PO4P,2.8,
15-Feb-66,PO4P,3.1,
22-Feb-66,PO4P,2.6,
28-Feb-66,PO4P,3,
07-Mar-66,PO4P,2.8,
14-Mar-66,PO4P,3,
21-Mar-66,PO4P,2.3,
28-Mar-66,PO4P,2,
05-Apr-66,PO4P,1.9,
12-Apr-66,PO4P,1.5,
18-Apr-66,PO4P,1,
25-Apr-66,PO4P,0.9,
02-May-66,PO4P,0.3,
09-May-66,PO4P,0.1,
16-May-66,PO4P,0.2,
23-May-66,PO4P,0.3,
31-May-66,PO4P,0.2,
06-Jun-66,PO4P,0.2,
13-Jun-66,PO4P,0.7,
20-Jun-66,PO4P,0.4,
27-Jun-66,PO4P,0.3,
04-Jul-66,PO4P,0.2,
11-Jul-66,PO4P,0.3,
18-Jul-66,PO4P,0.3,
25-Jul-66,PO4P,0.4,
01-Aug-66,PO4P,0.2,
15-Aug-66,PO4P,0.1,
22-Aug-66,PO4P,0.3,
30-Aug-66,PO4P,0.3,
05-Sep-66,PO4P,0.5,
12-Sep-66,PO4P,0.2,
19-Sep-66,PO4P,0.8,
26-Sep-66,PO4P,0.4,
04-Oct-66,PO4P,0.3,
11-Oct-66,PO4P,0.2,
18-Oct-66,PO4P,0.2,
25-Oct-66,PO4P,0.3,
01-Nov-66,PO4P,0.1,
07-Nov-66,PO4P,0.3,
15-Nov-66,PO4P,0.3,
22-Nov-66,PO4P,0.5,
29-Nov-66,PO4P,0.7,
06-Dec-66,PO4P,1.6,
13-Dec-66,PO4P,1.8,
20-Dec-66,PO4P,3.2,
28-Dec-66,PO4P,2.4,
03-Jan-67,PO4P,2.7,
10-Jan-67,PO4P,2.9,
17-Jan-67,PO4P,2.8,
24-Jan-67,PO4P,2.4,
31-Jan-67,PO4P,2.4,
07-Feb-67,PO4P,2.5,
14-Feb-67,PO4P,2.7,
21-Feb-67,PO4P,3.9,
28-Feb-67,PO4P,2.6,
06-Mar-67,PO4P,2.4,
13-Mar-67,PO4P,2.7,
20-Mar-67,PO4P,2.8,
28-Mar-67,PO4P,0.7,
04-Apr-67,PO4P,1.2,
10-Apr-67,PO4P,0.9,
17-Apr-67,PO4P,0.1,
24-Apr-67,PO4P,0.3,
01-May-67,PO4P,0.4,
08-May-67,PO4P,0.4,
15-May-67,PO4P,0.1,
05-Jun-67,PO4P,0.1,
12-Jun-67,PO4P,0.4,
19-Jun-67,PO4P,0.3,
03-Jul-67,PO4P,0.6,
10-Jul-67,PO4P,0.3,
17-Jul-67,PO4P,0.4,
24-Jul-67,PO4P,0.2,
31-Jul-67,PO4P,0.9,
07-Aug-67,PO4P,0.6,
21-Aug-67,PO4P,0.2,
29-Aug-67,PO4P,0.5,
04-Sep-67,PO4P,0.2,
11-Sep-67,PO4P,0.5,
18-Sep-67,PO4P,0.3,
25-Sep-67,PO4P,0.5,
03-Oct-67,PO4P,0.5,
10-Oct-67,PO4P,0.7,
17-Oct-67,PO4P,2,
24-Oct-67,PO4P,1.8,
31-Oct-67,PO4P,2.2,
07-Nov-67,PO4P,2,
14-Nov-67,PO4P,2.6,
21-Nov-67,PO4P,2.7,
28-Nov-67,PO4P,2.7,
05-Dec-67,PO4P,2.9,
12-Dec-67,PO4P,3.1,
19-Dec-67,PO4P,4.4,
02-Jan-68,PO4P,3.6,
09-Jan-68,PO4P,3.4,
16-Jan-68,PO4P,3.3,
23-Jan-68,PO4P,2.9,
30-Jan-68,PO4P,3,
06-Feb-68,PO4P,3.3,
13-Feb-68,PO4P,3.5,
20-Feb-68,PO4P,3.1,
27-Feb-68,PO4P,3.2,
05-Mar-68,PO4P,2.6,
11-Mar-68,PO4P,2.9,
18-Mar-68,PO4P,2.7,
25-Mar-68,PO4P,2,
01-Apr-68,PO4P,1.9,
08-Apr-68,PO4P,1.8,
16-Apr-68,PO4P,0.5,
22-Apr-68,PO4P,1.2,
06-May-68,PO4P,0.4,
13-May-68,PO4P,0.3,
20-May-68,PO4P,0.1,
27-May-68,PO4P,0.1,
04-Jun-68,PO4P,0.1,
10-Jun-68,PO4P,0.3,
17-Jun-68,PO4P,0.1,
24-Jun-68,PO4P,0.5,
01-Jul-68,PO4P,0.3,
08-Jul-68,PO4P,0.6,
15-Jul-68,PO4P,0.5,
22-Jul-68,PO4P,1.2,
29-Jul-68,PO4P,0.4,
05-Aug-68,PO4P,0.4,
12-Aug-68,PO4P,0.7,
19-Aug-68,PO4P,0.9,
26-Aug-68,PO4P,0.7,
03-Sep-68,PO4P,0.6,
09-Sep-68,PO4P,0.5,
16-Sep-68,PO4P,0.5,
23-Sep-68,PO4P,0.5,
30-Sep-68,PO4P,0.9,
07-Oct-68,PO4P,0.8,
15-Oct-68,PO4P,0.6,
22-Oct-68,PO4P,2.1,
29-Oct-68,PO4P,1.2,
05-Nov-68,PO4P,2.1,
12-Nov-68,PO4P,1.7,
19-Nov-68,PO4P,5.6,
26-Nov-68,PO4P,2.1,
03-Dec-68,PO4P,2.4,
10-Dec-68,PO4P,3.6,
17-Dec-68,PO4P,3.8,
31-Dec-68,PO4P,4.1,
07-Jan-69,PO4P,3.3,
14-Jan-69,PO4P,3.8,
21-Jan-69,PO4P,4.4,
28-Jan-69,PO4P,4.1,
04-Feb-69,PO4P,5.1,
10-Feb-69,PO4P,4.1,
24-Feb-69,PO4P,5,
10-Mar-69,PO4P,5.2,
17-Mar-69,PO4P,3.4,
24-Mar-69,PO4P,2.4,
31-Mar-69,PO4P,4.5,
09-Apr-69,PO4P,2.5,
14-Apr-69,PO4P,1.9,
21-Apr-69,PO4P,2.4,
05-May-69,PO4P,0.1,
12-May-69,PO4P,0.7,
19-May-69,PO4P,0.4,
27-May-69,PO4P,0.1,
02-Jun-69,PO4P,0.6,
09-Jun-69,PO4P,0.2,
16-Jun-69,PO4P,0.1,
23-Jun-69,PO4P,0.5,
07-Jul-69,PO4P,0.4,
14-Jul-69,PO4P,0.1,
21-Jul-69,PO4P,0.6,
28-Jul-69,PO4P,0.4,
04-Aug-69,PO4P,0.3,
11-Aug-69,PO4P,0.2,
18-Aug-69,PO4P,0.2,
25-Aug-69,PO4P,0.3,
02-Sep-69,PO4P,0.1,
08-Sep-69,PO4P,0.4,
15-Sep-69,PO4P,0.3,
22-Sep-69,PO4P,0.6,
29-Sep-69,PO4P,0.9,
06-Oct-69,PO4P,0.3,
14-Oct-69,PO4P,0.2,
21-Oct-69,PO4P,0.2,
28-Oct-69,PO4P,0.4,
04-Nov-69,PO4P,0.4,
11-Nov-69,PO4P,0.4,
18-Nov-69,PO4P,0.7,
25-Nov-69,PO4P,0.5,
02-Dec-69,PO4P,1.1,
09-Dec-69,PO4P,0.4,
16-Dec-69,PO4P,1.2,
30-Dec-69,PO4P,2.3,
06-Jan-70,PO4P,0.7,
13-Jan-70,PO4P,3.2,
20-Jan-70,PO4P,2.8,
26-Jan-70,PO4P,3,
02-Feb-70,PO4P,3.2,
09-Feb-70,PO4P,3.5,
16-Feb-70,PO4P,4.7,
23-Feb-70,PO4P,3.4,
02-Mar-70,PO4P,3.9,
09-Mar-70,PO4P,3,
16-Mar-70,PO4P,3.5,
23-Mar-70,PO4P,2.3,
31-Mar-70,PO4P,3,
07-Apr-70,PO4P,2.2,
13-Apr-70,PO4P,1.7,
20-Apr-70,PO4P,0.8,
27-Apr-70,PO4P,0.9,
04-May-70,PO4P,0.8,
11-May-70,PO4P,0.6,
18-May-70,PO4P,0.2,
25-May-70,PO4P,0.3,
01-Jun-70,PO4P,0.2,
08-Jun-70,PO4P,0.1,
15-Jun-70,PO4P,0.6,
22-Jun-70,PO4P,0.3,
29-Jun-70,PO4P,0.5,
06-Jul-70,PO4P,0.3,
13-Jul-70,PO4P,0.3,
20-Jul-70,PO4P,0.3,
27-Jul-70,PO4P,0.6,
03-Aug-70,PO4P,0.7,
10-Aug-70,PO4P,0.4,
17-Aug-70,PO4P,0.6,
24-Aug-70,PO4P,0.7,
01-Sep-70,PO4P,0.3,
07-Sep-70,PO4P,0.7,
14-Sep-70,PO4P,0.7,
21-Sep-70,PO4P,0.7,
28-Sep-70,PO4P,1.2,
13-Oct-70,PO4P,0.6,
20-Oct-70,PO4P,0.4,
27-Oct-70,PO4P,0.4,
03-Nov-70,PO4P,1.1,
10-Nov-70,PO4P,1.7,
17-Nov-70,PO4P,2.2,
24-Nov-70,PO4P,2.4,
01-Dec-70,PO4P,2.7,
08-Dec-70,PO4P,2.7,
15-Dec-70,PO4P,2.7,
29-Dec-70,PO4P,4.7,
05-Jan-71,PO4P,4.1,
12-Jan-71,PO4P,3.8,
19-Jan-71,PO4P,3.9,
26-Jan-71,PO4P,4.1,
02-Feb-71,PO4P,4,
09-Feb-71,PO4P,4.8,
16-Feb-71,PO4P,4.2,
23-Feb-71,PO4P,4.9,
02-Mar-71,PO4P,4,
09-Mar-71,PO4P,3.5,
16-Mar-71,PO4P,3.7,
23-Mar-71,PO4P,4.1,
30-Mar-71,PO4P,3.2,
06-Apr-71,PO4P,1.8,
14-Apr-71,PO4P,0.9,
20-Apr-71,PO4P,1.2,
27-Apr-71,PO4P,0.4,
04-May-71,PO4P,0.8,
11-May-71,PO4P,0.9,
18-May-71,PO4P,0.9,
25-May-71,PO4P,0.3,
01-Jun-71,PO4P,0.6,
08-Jun-71,PO4P,0.8,
15-Jun-71,PO4P,0.8,
22-Jun-71,PO4P,0.5,
29-Jun-71,PO4P,0.7,
06-Jul-71,PO4P,0.5,
13-Jul-71,PO4P,0.4,
20-Jul-71,PO4P,0.4,
27-Jul-71,PO4P,1.1,
03-Aug-71,PO4P,0.4,
10-Aug-71,PO4P,0.7,
17-Aug-71,PO4P,0.7,
24-Aug-71,PO4P,0.4,
31-Aug-71,PO4P,1,
07-Sep-71,PO4P,0.6,
14-Sep-71,PO4P,0.4,
21-Sep-71,PO4P,0.3,
28-Sep-71,PO4P,0.7,
05-Oct-71,PO4P,0.8,
12-Oct-71,PO4P,1.1,
19-Oct-71,PO4P,1.5,
26-Oct-71,PO4P,2.5,
02-Nov-71,PO4P,1.8,
09-Nov-71,PO4P,3.3,
16-Nov-71,PO4P,3.1,
23-Nov-71,PO4P,3.1,
30-Nov-71,PO4P,3.4,
07-Dec-71,PO4P,3.3,
14-Dec-71,PO4P,3.3,
21-Dec-71,PO4P,5.6,
04-Jan-72,PO4P,4.9,
11-Jan-72,PO4P,4.2,
18-Jan-72,PO4P,4.7,
25-Jan-72,PO4P,6.7,
01-Feb-72,PO4P,6.2,
08-Feb-72,PO4P,5.8,
15-Feb-72,PO4P,5.3,
22-Feb-72,PO4P,4.5,
29-Feb-72,PO4P,4.5,
07-Mar-72,PO4P,5,
14-Mar-72,PO4P,4.1,
21-Mar-72,PO4P,3.7,
28-Mar-72,PO4P,3.1,
04-Apr-72,PO4P,1.7,
11-Apr-72,PO4P,2.1,
18-Apr-72,PO4P,2,
25-Apr-72,PO4P,0.9,
02-May-72,PO4P,1.1,
09-May-72,PO4P,0.7,
16-May-72,PO4P,0.9,
23-May-72,PO4P,0.3,
30-May-72,PO4P,1,
06-Jun-72,PO4P,1,
13-Jun-72,PO4P,0.4,
20-Jun-72,PO4P,0.8,
27-Jun-72,PO4P,1.5,
04-Jul-72,PO4P,1.7,
11-Jul-72,PO4P,0.6,
18-Jul-72,PO4P,0.3,
25-Jul-72,PO4P,0.6,
01-Aug-72,PO4P,0.6,
08-Aug-72,PO4P,0.6,
15-Aug-72,PO4P,0.6,
22-Aug-72,PO4P,0.7,
29-Aug-72,PO4P,1.2,
05-Sep-72,PO4P,0.9,
12-Sep-72,PO4P,0.6,
19-Sep-72,PO4P,0.6,
26-Sep-72,PO4P,1.1,
03-Oct-72,PO4P,0.6,
10-Oct-72,PO4P,0.6,
17-Oct-72,PO4P,0.6,
24-Oct-72,PO4P,0.9,
31-Oct-72,PO4P,0.9,
07-Nov-72,PO4P,0.8,
14-Nov-72,PO4P,2,
21-Nov-72,PO4P,2.4,
28-Nov-72,PO4P,2.8,
05-Dec-72,PO4P,2.7,
12-Dec-72,PO4P,3.3,
19-Dec-72,PO4P,3.8,
02-Jan-73,PO4P,3.2,
09-Jan-73,PO4P,4,
16-Jan-73,PO4P,4.7,
23-Jan-73,PO4P,5,
30-Jan-73,PO4P,4.5,
06-Feb-73,PO4P,4.3,
13-Feb-73,PO4P,4.9,
20-Feb-73,PO4P,4.5,
27-Feb-73,PO4P,4.1,
06-Mar-73,PO4P,4.1,
13-Mar-73,PO4P,2.6,
20-Mar-73,PO4P,3.3,
27-Mar-73,PO4P,2.8,
03-Apr-73,PO4P,0.2,
10-Apr-73,PO4P,1.6,
17-Apr-73,PO4P,1.5,
25-Apr-73,PO4P,0.9,
01-May-73,PO4P,0.7,
08-May-73,PO4P,0.8,
15-May-73,PO4P,1.1,
22-May-73,PO4P,0.8,
30-May-73,PO4P,0.7,
05-Jun-73,PO4P,0.3,
12-Jun-73,PO4P,0.2,
19-Jun-73,PO4P,0.4,
03-Jul-73,PO4P,0.4,
10-Jul-73,PO4P,0.3,
17-Jul-73,PO4P,0.5,
24-Jul-73,PO4P,0.2,
31-Jul-73,PO4P,0.3,
07-Aug-73,PO4P,0.7,
14-Aug-73,PO4P,0.2,
21-Aug-73,PO4P,0.4,
29-Aug-73,PO4P,0.3,
04-Sep-73,PO4P,0.6,
11-Sep-73,PO4P,0.2,
18-Sep-73,PO4P,0.9,
25-Sep-73,PO4P,0.7,
02-Oct-73,PO4P,0.7,
09-Oct-73,PO4P,1.8,
16-Oct-73,PO4P,0.9,
23-Oct-73,PO4P,1.1,
30-Oct-73,PO4P,1,
06-Nov-73,PO4P,1.1,
13-Nov-73,PO4P,1.8,
20-Nov-73,PO4P,2.6,
27-Nov-73,PO4P,3.2,
04-Dec-73,PO4P,2.3,
11-Dec-73,PO4P,2.7,
18-Dec-73,PO4P,2.1,
02-Jan-74,PO4P,3.1,
08-Jan-74,PO4P,3.2,
15-Jan-74,PO4P,4.2,
22-Jan-74,PO4P,4.1,
29-Jan-74,PO4P,4.4,
05-Feb-74,PO4P,3.7,
12-Feb-74,PO4P,3.6,
19-Feb-74,PO4P,3.8,
26-Feb-74,PO4P,3.6,
05-Mar-74,PO4P,3.1,
12-Mar-74,PO4P,3.2,
19-Mar-74,PO4P,2.5,
26-Mar-74,PO4P,3,
02-Apr-74,PO4P,2.1,
09-Apr-74,PO4P,0.5,
17-Apr-74,PO4P,0.7,
23-Apr-74,PO4P,0.9,
30-Apr-74,PO4P,0.3,
07-May-74,PO4P,0.8,
14-May-74,PO4P,0.6,
21-May-74,PO4P,0.2,
29-May-74,PO4P,0.2,
04-Jun-74,PO4P,0.6,
11-Jun-74,PO4P,0.8,
18-Jun-74,PO4P,0.6,
25-Jun-74,PO4P,0.2,
02-Jul-74,PO4P,0.6,
09-Jul-74,PO4P,0.8,
16-Jul-74,PO4P,0.6,
23-Jul-74,PO4P,0.7,
30-Jul-74,PO4P,0.4,
06-Aug-74,PO4P,0.3,
13-Aug-74,PO4P,0.2,
20-Aug-74,PO4P,0.5,
27-Aug-74,PO4P,1.1,
03-Sep-74,PO4P,0.4,
10-Sep-74,PO4P,0.2,
17-Sep-74,PO4P,1,
24-Sep-74,PO4P,1,
01-Oct-74,PO4P,0.4,
08-Oct-74,PO4P,0.6,
15-Oct-74,PO4P,0.6,
22-Oct-74,PO4P,0.5,
29-Oct-74,PO4P,0.9,
05-Nov-74,PO4P,2,
12-Nov-74,PO4P,1.7,
19-Nov-74,PO4P,1.5,
26-Nov-74,PO4P,1.4,
03-Dec-74,PO4P,1.9,
10-Dec-74,PO4P,2.2,
17-Dec-74,PO4P,2.5,
31-Dec-74,PO4P,4.3,
07-Jan-75,PO4P,4.3,
14-Jan-75,PO4P,3.6,
21-Jan-75,PO4P,3.5,
28-Jan-75,PO4P,3.2,
04-Feb-75,PO4P,4.3,
11-Feb-75,PO4P,3.9,
18-Feb-75,PO4P,4,
25-Feb-75,PO4P,3.9,
04-Mar-75,PO4P,3.3,
11-Mar-75,PO4P,2.6,
18-Mar-75,PO4P,2.5,
25-Mar-75,PO4P,3.2,
02-Apr-75,PO4P,3.8,
08-Apr-75,PO4P,1,
15-Apr-75,PO4P,1.8,
22-Apr-75,PO4P,0.8,
29-Apr-75,PO4P,0.4,
06-May-75,PO4P,0.5,
13-May-75,PO4P,1,
20-May-75,PO4P,0.5,
28-May-75,PO4P,0.4,
03-Jun-75,PO4P,0.5,
17-Jun-75,PO4P,0.4,
24-Jun-75,PO4P,0.7,
01-Jul-75,PO4P,0.3,
08-Jul-75,PO4P,0.5,
15-Jul-75,PO4P,1.3,
22-Jul-75,PO4P,0.7,
29-Jul-75,PO4P,0.8,
05-Aug-75,PO4P,0.6,
12-Aug-75,PO4P,0.9,
19-Aug-75,PO4P,1.1,
26-Aug-75,PO4P,0.3,
09-Sep-75,PO4P,0.7,
16-Sep-75,PO4P,0.9,
23-Sep-75,PO4P,1.1,
30-Sep-75,PO4P,1.1,
07-Oct-75,PO4P,1.6,
14-Oct-75,PO4P,1.3,
21-Oct-75,PO4P,1.2,
28-Oct-75,PO4P,0.3,
04-Nov-75,PO4P,1.2,
11-Nov-75,PO4P,0.9,
18-Nov-75,PO4P,2,
25-Nov-75,PO4P,1,
01-Dec-75,PO4P,1.9,
09-Dec-75,PO4P,2.7,
16-Dec-75,PO4P,2.6,
30-Dec-75,PO4P,4.3,
06-Jan-76,PO4P,3.9,
13-Jan-76,PO4P,4.7,
20-Jan-76,PO4P,3.2,
27-Jan-76,PO4P,4.4,
03-Feb-76,PO4P,4.7,
10-Feb-76,PO4P,3.5,
17-Feb-76,PO4P,3.8,
24-Feb-76,PO4P,4.7,
02-Mar-76,PO4P,4,
09-Mar-76,PO4P,3.6,
16-Mar-76,PO4P,3.3,
23-Mar-76,PO4P,3.1,
30-Mar-76,PO4P,2.1,
06-Apr-76,PO4P,1,
13-Apr-76,PO4P,1,
21-Apr-76,PO4P,0.6,<
27-Apr-76,PO4P,0.5,
04-May-76,PO4P,0.6,<
11-May-76,PO4P,0.4,
18-May-76,PO4P,0.5,
25-May-76,PO4P,0.5,
02-Jun-76,PO4P,0.6,<
08-Jun-76,PO4P,0.6,<
15-Jun-76,PO4P,0.6,<
29-Jun-76,PO4P,0.4,
06-Jul-76,PO4P,0.5,
13-Jul-76,PO4P,0.3,
20-Jul-76,PO4P,0.4,
27-Jul-76,PO4P,0.6,<
03-Aug-76,PO4P,0.6,<
10-Aug-76,PO4P,0.6,
17-Aug-76,PO4P,0.6,
01-Sep-76,PO4P,1,
14-Sep-76,PO4P,0.6,
28-Sep-76,PO4P,1,
05-Oct-76,PO4P,0.8,
12-Oct-76,PO4P,2.9,
19-Oct-76,PO4P,1.7,
26-Oct-76,PO4P,1.8,
02-Nov-76,PO4P,1.8,
09-Nov-76,PO4P,1.8,
16-Nov-76,PO4P,1.2,
23-Nov-76,PO4P,2.3,
30-Nov-76,PO4P,2.4,
14-Dec-76,PO4P,3.3,
21-Dec-76,PO4P,3.5,
11-Jan-77,PO4P,4.2,
25-Jan-77,PO4P,3.6,
08-Feb-77,PO4P,3.2,
15-Feb-77,PO4P,3.3,
22-Feb-77,PO4P,3.9,
01-Mar-77,PO4P,4.4,
08-Mar-77,PO4P,3.9,
15-Mar-77,PO4P,1.2,
22-Mar-77,PO4P,3.2,
29-Mar-77,PO4P,2.7,
05-Apr-77,PO4P,2.2,
13-Apr-77,PO4P,1.8,
19-Apr-77,PO4P,1.4,
26-Apr-77,PO4P,1,
03-May-77,PO4P,1.3,
17-May-77,PO4P,0.6,<
24-May-77,PO4P,0.6,
31-May-77,PO4P,0.6,
08-Jun-77,PO4P,0.6,<
14-Jun-77,PO4P,0.6,<
21-Jun-77,PO4P,0.6,<
28-Jun-77,PO4P,0.6,<
05-Jul-77,PO4P,0.6,<
12-Jul-77,PO4P,0.6,<
19-Jul-77,PO4P,0.6,<
26-Jul-77,PO4P,0.7,
02-Aug-77,PO4P,0.6,<
09-Aug-77,PO4P,0.6,<
16-Aug-77,PO4P,0.6,<
23-Aug-77,PO4P,0.7,
30-Aug-77,PO4P,0.6,
13-Sep-77,PO4P,0.8,
20-Sep-77,PO4P,0.8,
27-Sep-77,PO4P,0.8,
04-Oct-77,PO4P,0.8,
11-Oct-77,PO4P,0.6,
18-Oct-77,PO4P,0.6,<
25-Oct-77,PO4P,0.6,
01-Nov-77,PO4P,2,
08-Nov-77,PO4P,2.6,
22-Nov-77,PO4P,3.8,
29-Nov-77,PO4P,3.1,
06-Dec-77,PO4P,3.9,
13-Dec-77,PO4P,4.8,
20-Dec-77,PO4P,3.7,
04-Jan-78,PO4P,4.9,
10-Jan-78,PO4P,4.5,
17-Jan-78,PO4P,4.6,
24-Jan-78,PO4P,4.6,
07-Feb-78,PO4P,4.5,
14-Feb-78,PO4P,4,
21-Feb-78,PO4P,3.6,
28-Feb-78,PO4P,4.3,
07-Mar-78,PO4P,3.5,
14-Mar-78,PO4P,6.5,
21-Mar-78,PO4P,4.4,
29-Mar-78,PO4P,3.1,
04-Apr-78,PO4P,1.8,
11-Apr-78,PO4P,1.7,
18-Apr-78,PO4P,0.8,
25-Apr-78,PO4P,0.6,<
02-May-78,PO4P,0.6,<
09-May-78,PO4P,0.6,<
16-May-78,PO4P,1.1,
23-May-78,PO4P,1.1,
30-May-78,PO4P,0.6,<
06-Jun-78,PO4P,0.6,<
13-Jun-78,PO4P,0.6,<
20-Jun-78,PO4P,0.8,
27-Jun-78,PO4P,0.6,<
04-Jul-78,PO4P,0.6,<
11-Jul-78,PO4P,0.8,
18-Jul-78,PO4P,0.6,<
25-Jul-78,PO4P,0.9,
01-Aug-78,PO4P,0.6,<
08-Aug-78,PO4P,0.6,<
15-Aug-78,PO4P,0.6,<
22-Aug-78,PO4P,0.8,
05-Sep-78,PO4P,0.6,
12-Sep-78,PO4P,1.1,
19-Sep-78,PO4P,0.6,
26-Sep-78,PO4P,0.6,
03-Oct-78,PO4P,1.2,
10-Oct-78,PO4P,0.6,
17-Oct-78,PO4P,0.8,
24-Oct-78,PO4P,0.9,
31-Oct-78,PO4P,1.1,
07-Nov-78,PO4P,2.2,
14-Nov-78,PO4P,3.1,
21-Nov-78,PO4P,4.7,
28-Nov-78,PO4P,5.2,
05-Dec-78,PO4P,3.7,
12-Dec-78,PO4P,6,
19-Dec-78,PO4P,6.2,
09-Jan-79,PO4P,4.7,
16-Jan-79,PO4P,6.6,
23-Jan-79,PO4P,6.4,
13-Feb-79,PO4P,5.9,
20-Feb-79,PO4P,6.5,
27-Feb-79,PO4P,5.9,
06-Mar-79,PO4P,5.5,
20-Mar-79,PO4P,5.5,
27-Mar-79,PO4P,4.9,
03-Apr-79,PO4P,4.6,
10-Apr-79,PO4P,4,
17-Apr-79,PO4P,3.3,
24-Apr-79,PO4P,1.5,
01-May-79,PO4P,2.6,
08-May-79,PO4P,1.2,
15-May-79,PO4P,0.7,
22-May-79,PO4P,1,
05-Jun-79,PO4P,0.9,
12-Jun-79,PO4P,0.6,<
19-Jun-79,PO4P,2.6,
26-Jun-79,PO4P,0.5,
03-Jul-79,PO4P,0.6,
10-Jul-79,PO4P,0.6,<
23-Jul-79,PO4P,0.6,<
31-Jul-79,PO4P,0.6,<
07-Aug-79,PO4P,0.6,
14-Aug-79,PO4P,0.6,<
21-Aug-79,PO4P,0.6,<
28-Aug-79,PO4P,0.6,<
04-Sep-79,PO4P,0.8,
11-Sep-79,PO4P,0.6,
18-Sep-79,PO4P,1.7,
25-Sep-79,PO4P,27,
02-Oct-79,PO4P,36.5,
09-Oct-79,PO4P,2.6,
16-Oct-79,PO4P,4.8,
23-Oct-79,PO4P,3,<
30-Oct-79,PO4P,3.6,
06-Nov-79,PO4P,1.2,
13-Nov-79,PO4P,2.6,
27-Nov-79,PO4P,4.9,
11-Dec-79,PO4P,3.2,
15-Jan-80,PO4P,4.5,
12-Feb-80,PO4P,2.9,
11-Mar-80,PO4P,3.6,
25-Mar-80,PO4P,3.7,
08-Apr-80,PO4P,2.8,
22-Apr-80,PO4P,0.6,
29-Apr-80,PO4P,1.6,
06-May-80,PO4P,0.6,<
13-May-80,PO4P,0.6,<
20-May-80,PO4P,1.1,
27-May-80,PO4P,1.1,
03-Jun-80,PO4P,0.6,<
17-Jun-80,PO4P,4.1,
24-Jun-80,PO4P,1.6,
01-Jul-80,PO4P,0.6,<
08-Jul-80,PO4P,0.7,
15-Jul-80,PO4P,0.8,
22-Jul-80,PO4P,0.9,
29-Jul-80,PO4P,0.4,
05-Aug-80,PO4P,0.6,<
12-Aug-80,PO4P,0.6,<
19-Aug-80,PO4P,2.1,
02-Sep-80,PO4P,0.9,
09-Sep-80,PO4P,0.8,
16-Sep-80,PO4P,4.3,
23-Sep-80,PO4P,8.8,
30-Sep-80,PO4P,3.9,
07-Oct-80,PO4P,0.6,<
14-Oct-80,PO4P,0.9,
21-Oct-80,PO4P,2.1,
28-Oct-80,PO4P,8.7,
04-Nov-80,PO4P,9.6,
02-Dec-80,PO4P,7.1,
16-Dec-80,PO4P,7.9,
13-Jan-81,PO4P,5.6,
27-Jan-81,PO4P,5.6,
10-Feb-81,PO4P,7.5,
24-Feb-81,PO4P,4.3,
03-Mar-81,PO4P,7.6,
10-Mar-81,PO4P,13.5,
17-Mar-81,PO4P,10.8,
24-Mar-81,PO4P,6.1,
31-Mar-81,PO4P,32.1,
07-Apr-81,PO4P,7,
14-Apr-81,PO4P,9.3,
21-Apr-81,PO4P,3,
28-Apr-81,PO4P,6.1,
05-May-81,PO4P,3.5,
12-May-81,PO4P,7.4,
19-May-81,PO4P,3.3,
26-May-81,PO4P,7.8,
02-Jun-81,PO4P,6.5,
09-Jun-81,PO4P,3,<
16-Jun-81,PO4P,2.6,<
23-Jun-81,PO4P,12.6,
30-Jun-81,PO4P,3,<
07-Jul-81,PO4P,0.9,<
14-Jul-81,PO4P,1.3,<
21-Jul-81,PO4P,3,<
28-Jul-81,PO4P,3.9,
04-Aug-81,PO4P,3,<
11-Aug-81,PO4P,2.6,<
18-Aug-81,PO4P,1.3,<
25-Aug-81,PO4P,7.8,
01-Sep-81,PO4P,0.7,<
08-Sep-81,PO4P,10.6,
15-Sep-81,PO4P,3,<
22-Sep-81,PO4P,1.2,<
29-Sep-81,PO4P,4.8,
06-Oct-81,PO4P,1.3,
13-Oct-81,PO4P,4.5,
20-Oct-81,PO4P,1.7,
27-Oct-81,PO4P,37.6,
03-Nov-81,PO4P,1.7,
10-Nov-81,PO4P,1.2,
24-Nov-81,PO4P,5.6,
08-Dec-81,PO4P,6.8,
05-Jan-82,PO4P,10.6,
19-Jan-82,PO4P,1.4,
02-Feb-82,PO4P,4,
16-Feb-82,PO4P,9.2,
02-Mar-82,PO4P,28.9,
16-Mar-82,PO4P,11.7,
30-Mar-82,PO4P,6.3,
06-Apr-82,PO4P,5,
13-Apr-82,PO4P,4.4,
20-Apr-82,PO4P,2.3,
27-Apr-82,PO4P,3.5,
04-May-82,PO4P,28.7,
11-May-82,PO4P,3,
18-May-82,PO4P,4.9,
25-May-82,PO4P,4,
01-Jun-82,PO4P,2.8,
08-Jun-82,PO4P,4.9,
15-Jun-82,PO4P,0.9,
22-Jun-82,PO4P,13.6,
06-Jul-82,PO4P,7,
13-Jul-82,PO4P,5.7,
20-Jul-82,PO4P,2.4,
27-Jul-82,PO4P,2.6,
03-Aug-82,PO4P,1.6,
10-Aug-82,PO4P,5,
17-Aug-82,PO4P,66.3,
24-Aug-82,PO4P,2.4,
31-Aug-82,PO4P,5,
07-Sep-82,PO4P,2,
14-Sep-82,PO4P,13.1,
21-Sep-82,PO4P,3.1,
28-Sep-82,PO4P,1.2,
05-Oct-82,PO4P,6.1,
12-Oct-82,PO4P,2,
19-Oct-82,PO4P,1.6,
26-Oct-82,PO4P,8.4,
09-Nov-82,PO4P,10,
23-Nov-82,PO4P,5.4,
07-Dec-82,PO4P,17,
21-Dec-82,PO4P,11.6,
04-Jan-83,PO4P,7.3,
18-Jan-83,PO4P,7.1,
01-Feb-83,PO4P,5.7,
15-Feb-83,PO4P,3.6,
01-Mar-83,PO4P,6.1,
15-Mar-83,PO4P,6.1,
29-Mar-83,PO4P,6,
05-Apr-83,PO4P,4,
12-Apr-83,PO4P,1.8,
18-Apr-83,PO4P,1.8,
26-Apr-83,PO4P,2,
03-May-83,PO4P,1.3,
10-May-83,PO4P,0.6,
17-May-83,PO4P,0.6,<
24-May-83,PO4P,0.6,<
31-May-83,PO4P,0.6,<
07-Jun-83,PO4P,0.6,<
14-Jun-83,PO4P,0.6,<
21-Jun-83,PO4P,0.6,<
28-Jun-83,PO4P,0.6,<
04-Jul-83,PO4P,0.6,<
12-Jul-83,PO4P,0.6,<
19-Jul-83,PO4P,0.6,<
26-Jul-83,PO4P,0.9,
09-Aug-83,PO4P,0.6,<
16-Aug-83,PO4P,0.6,<
23-Aug-83,PO4P,0.6,<
30-Aug-83,PO4P,0.6,<
06-Sep-83,PO4P,0.6,<
13-Sep-83,PO4P,3.1,
20-Sep-83,PO4P,0.6,
27-Sep-83,PO4P,0.6,
04-Oct-83,PO4P,0.8,
11-Oct-83,PO4P,1.1,
18-Oct-83,PO4P,2.3,
25-Oct-83,PO4P,0.6,<
22-Nov-83,PO4P,3.9,
06-Dec-83,PO4P,9.6,
20-Dec-83,PO4P,3.9,
03-Jan-84,PO4P,7.8,
17-Jan-84,PO4P,7,
31-Jan-84,PO4P,4.3,
14-Feb-84,PO4P,11.7,
28-Feb-84,PO4P,6.5,
13-Mar-84,PO4P,5.8,
27-Mar-84,PO4P,5.3,
10-Apr-84,PO4P,3.3,
24-Apr-84,PO4P,1.1,
08-May-84,PO4P,0.6,<
22-May-84,PO4P,0.6,<
05-Jun-84,PO4P,0.6,<
12-Jun-84,PO4P,0.6,<
19-Jun-84,PO4P,0.6,<
03-Jul-84,PO4P,0.6,<
10-Jul-84,PO4P,1,
17-Jul-84,PO4P,0.6,<
24-Jul-84,PO4P,0.6,<
31-Jul-84,PO4P,0.6,<
07-Aug-84,PO4P,0.6,<
14-Aug-84,PO4P,0.6,<
21-Aug-84,PO4P,0.6,<
28-Aug-84,PO4P,0.8,
04-Sep-84,PO4P,2.2,
11-Sep-84,PO4P,0.6,<
18-Sep-84,PO4P,0.6,<
25-Sep-84,PO4P,0.6,<
09-Oct-84,PO4P,0.6,<
23-Oct-84,PO4P,0.6,<
06-Nov-84,PO4P,0.6,<
20-Nov-84,PO4P,0.6,<
04-Dec-84,PO4P,1.4,
18-Dec-84,PO4P,2.7,
02-Jan-85,PO4P,3.4,
15-Jan-85,PO4P,4.4,
29-Jan-85,PO4P,4.4,
12-Feb-85,PO4P,6.2,
26-Feb-85,PO4P,4.8,
26-Mar-85,PO4P,5.4,
02-Apr-85,PO4P,5,
09-Apr-85,PO4P,3,
16-Apr-85,PO4P,3.6,
23-Apr-85,PO4P,1.8,
30-Apr-85,PO4P,1.9,
07-May-85,PO4P,0.6,<
14-May-85,PO4P,0.6,<
21-May-85,PO4P,0.6,<
28-May-85,PO4P,0.9,
04-Jun-85,PO4P,0.6,<
11-Jun-85,PO4P,0.6,<
18-Jun-85,PO4P,0.6,<
25-Jun-85,PO4P,0.6,<
02-Jul-85,PO4P,0.6,<
09-Jul-85,PO4P,0.6,<
16-Jul-85,PO4P,0.6,<
23-Jul-85,PO4P,0.6,<
30-Jul-85,PO4P,0.6,<
06-Aug-85,PO4P,0.6,<
13-Aug-85,PO4P,0.6,<
20-Aug-85,PO4P,0.6,<
27-Aug-85,PO4P,0.6,<
03-Sep-85,PO4P,0.6,<
10-Sep-85,PO4P,0.6,<
17-Sep-85,PO4P,0.6,<
24-Sep-85,PO4P,0.6,<
01-Oct-85,PO4P,0.6,<
08-Oct-85,PO4P,0.6,<
15-Oct-85,PO4P,0.7,
22-Oct-85,PO4P,2.1,
29-Oct-85,PO4P,1.7,
12-Nov-85,PO4P,3.9,
19-Nov-85,PO4P,5.3,
26-Nov-85,PO4P,5.2,
10-Dec-85,PO4P,5.8,
17-Dec-85,PO4P,6.4,
07-Jan-86,PO4P,6.4,
21-Jan-86,PO4P,6.9,
04-Feb-86,PO4P,6.9,
18-Feb-86,PO4P,7.7,
11-Mar-86,PO4P,4.6,
18-Mar-86,PO4P,5.3,
01-Apr-86,PO4P,0.8,
08-Apr-86,PO4P,4.4,
15-Apr-86,PO4P,2.9,
22-Apr-86,PO4P,1.1,
29-Apr-86,PO4P,0.6,<
06-May-86,PO4P,0.6,<
13-May-86,PO4P,0.8,
20-May-86,PO4P,0.6,<
27-May-86,PO4P,0.6,<
03-Jun-86,PO4P,0.6,<
10-Jun-86,PO4P,0.6,<
17-Jun-86,PO4P,0.6,<
24-Jun-86,PO4P,0.6,<
01-Jul-86,PO4P,0.6,<
08-Jul-86,PO4P,0.6,<
15-Jul-86,PO4P,0.6,<
22-Jul-86,PO4P,0.6,<
29-Jul-86,PO4P,0.6,<
05-Aug-86,PO4P,2.1,
12-Aug-86,PO4P,0.6,<
19-Aug-86,PO4P,0.6,<
27-Aug-86,PO4P,0.6,<
02-Sep-86,PO4P,0.6,<
09-Sep-86,PO4P,0.6,<
16-Sep-86,PO4P,0.6,
23-Sep-86,PO4P,0.68,
30-Sep-86,PO4P,0.6,<
07-Oct-86,PO4P,0.83,
14-Oct-86,PO4P,0.91,
21-Oct-86,PO4P,1.59,
28-Oct-86,PO4P,3,
04-Nov-86,PO4P,4.62,
11-Nov-86,PO4P,4.6,
18-Nov-86,PO4P,5.3,
25-Nov-86,PO4P,7.21,
09-Dec-86,PO4P,6.4,
22-Dec-86,PO4P,7,
06-Jan-87,PO4P,6.5,
20-Jan-87,PO4P,5.9,
10-Feb-87,PO4P,6.4,
17-Feb-87,PO4P,8.1,
03-Mar-87,PO4P,7.8,
17-Mar-87,PO4P,7.4,
31-Mar-87,PO4P,4.9,
14-Apr-87,PO4P,4.6,
21-Apr-87,PO4P,2.6,
28-Apr-87,PO4P,0.6,<
05-May-87,PO4P,1.2,
12-May-87,PO4P,0.83,
19-May-87,PO4P,0.6,<
26-May-87,PO4P,0.6,<
02-Jun-87,PO4P,0.6,<
09-Jun-87,PO4P,1.14,
16-Jun-87,PO4P,0.6,<
23-Jun-87,PO4P,0.6,<
30-Jun-87,PO4P,0.64,
07-Jul-87,PO4P,0.6,<
14-Jul-87,PO4P,0.6,<
21-Jul-87,PO4P,0.6,<
28-Jul-87,PO4P,0.6,<
04-Aug-87,PO4P,0.6,<
11-Aug-87,PO4P,0.6,<
18-Aug-87,PO4P,0.6,<
25-Aug-87,PO4P,0.6,<
01-Sep-87,PO4P,0.6,<
08-Sep-87,PO4P,0.6,<
15-Sep-87,PO4P,0.6,<
22-Sep-87,PO4P,0.6,<
29-Sep-87,PO4P,1.04,
06-Oct-87,PO4P,0.68,
13-Oct-87,PO4P,0.68,
20-Oct-87,PO4P,0.61,
27-Oct-87,PO4P,0.81,
03-Nov-87,PO4P,1.06,
10-Nov-87,PO4P,1.57,
17-Nov-87,PO4P,2.05,
24-Nov-87,PO4P,4.24,
01-Dec-87,PO4P,4.57,
08-Dec-87,PO4P,5.57,
22-Dec-87,PO4P,4.4,
05-Jan-88,PO4P,9.55,
19-Jan-88,PO4P,7.41,
02-Feb-88,PO4P,6.63,
16-Feb-88,PO4P,8.03,
01-Mar-88,PO4P,11.43,
15-Mar-88,PO4P,9.76,
30-Mar-88,PO4P,7.09,
05-Apr-88,PO4P,5.53,
12-Apr-88,PO4P,2.35,
19-Apr-88,PO4P,1.61,
26-Apr-88,PO4P,0.87,
03-May-88,PO4P,0.6,<
10-May-88,PO4P,0.6,<
17-May-88,PO4P,2.12,
24-May-88,PO4P,0.68,
31-May-88,PO4P,0.6,<
07-Jun-88,PO4P,1.31,
14-Jun-88,PO4P,1.16,
21-Jun-88,PO4P,0.6,<
28-Jun-88,PO4P,1.36,
05-Jul-88,PO4P,0.61,
12-Jul-88,PO4P,0.83,
19-Jul-88,PO4P,0.6,<
26-Jul-88,PO4P,0.6,<
02-Aug-88,PO4P,0.6,<
09-Aug-88,PO4P,5.57,
16-Aug-88,PO4P,0.87,
23-Aug-88,PO4P,0.6,<
30-Aug-88,PO4P,0.6,<
06-Sep-88,PO4P,0.6,<
13-Sep-88,PO4P,0.6,<
20-Sep-88,PO4P,0.6,<
27-Sep-88,PO4P,0.6,<
04-Oct-88,PO4P,0.6,<
11-Oct-88,PO4P,0.9,
18-Oct-88,PO4P,1.06,
25-Oct-88,PO4P,0.91,
01-Nov-88,PO4P,2.6,
08-Nov-88,PO4P,1.5,
15-Nov-88,PO4P,1.93,
22-Nov-88,PO4P,2.46,
06-Dec-88,PO4P,4.6,
20-Dec-88,PO4P,5.5,
04-Jan-89,PO4P,6.29,
17-Jan-89,PO4P,7.01,
31-Jan-89,PO4P,8.03,
14-Feb-89,PO4P,8.79,
01-Mar-89,PO4P,7.69,
14-Mar-89,PO4P,7.13,
28-Mar-89,PO4P,6.25,
04-Apr-89,PO4P,5.69,
11-Apr-89,PO4P,4.89,
18-Apr-89,PO4P,2.2,
25-Apr-89,PO4P,0.61,
02-May-89,PO4P,0.61,
09-May-89,PO4P,0.95,
16-May-89,PO4P,0.76,
23-May-89,PO4P,0.76,
30-May-89,PO4P,0.6,
06-Jun-89,PO4P,0.6,<
13-Jun-89,PO4P,0.6,<
20-Jun-89,PO4P,0.68,
27-Jun-89,PO4P,0.6,<
04-Jul-89,PO4P,0.6,<
11-Jul-89,PO4P,1.25,
18-Jul-89,PO4P,0.6,<
25-Jul-89,PO4P,0.6,<
01-Aug-89,PO4P,0.6,<
08-Aug-89,PO4P,0.64,
15-Aug-89,PO4P,0.6,<
22-Aug-89,PO4P,0.68,
29-Aug-89,PO4P,0.95,
05-Sep-89,PO4P,0.91,
12-Sep-89,PO4P,0.8,
19-Sep-89,PO4P,1.06,
26-Sep-89,PO4P,0.87,
03-Oct-89,PO4P,1.02,
10-Oct-89,PO4P,0.91,
17-Oct-89,PO4P,1.17,
24-Oct-89,PO4P,2.8,
31-Oct-89,PO4P,4.78,
08-Nov-89,PO4P,2.84,
14-Nov-89,PO4P,5.46,
21-Nov-89,PO4P,6.06,
28-Nov-89,PO4P,6.22,
05-Dec-89,PO4P,6.41,
19-Dec-89,PO4P,6.97,
02-Jan-90,PO4P,7.05,
16-Jan-90,PO4P,7.24,
30-Jan-90,PO4P,7.58,
13-Feb-90,PO4P,7.31,
27-Feb-90,PO4P,6.06,
01-Mar-90,PO4P,6.9,
13-Mar-90,PO4P,6.97,
27-Mar-90,PO4P,5.65,
03-Apr-90,PO4P,2.99,
10-Apr-90,PO4P,0.6,<
17-Apr-90,PO4P,3.56,
24-Apr-90,PO4P,2.54,
01-May-90,PO4P,0.61,
08-May-90,PO4P,0.6,<
15-May-90,PO4P,0.61,
22-May-90,PO4P,0.6,<
29-May-90,PO4P,0.6,<
05-Jun-90,PO4P,0.6,<
12-Jun-90,PO4P,0.6,<
19-Jun-90,PO4P,2.31,
26-Jun-90,PO4P,0.61,
03-Jul-90,PO4P,0.6,<
10-Jul-90,PO4P,0.6,<
17-Jul-90,PO4P,0.6,<
24-Jul-90,PO4P,0.68,
31-Jul-90,PO4P,0.6,<
07-Aug-90,PO4P,0.87,
14-Aug-90,PO4P,0.99,
21-Aug-90,PO4P,0.68,
28-Aug-90,PO4P,0.6,<
04-Sep-90,PO4P,0.6,<
11-Sep-90,PO4P,0.6,<
18-Sep-90,PO4P,0.64,
25-Sep-90,PO4P,0.61,
02-Oct-90,PO4P,0.83,
09-Oct-90,PO4P,2.01,
16-Oct-90,PO4P,2.69,
23-Oct-90,PO4P,3.94,
30-Oct-90,PO4P,4.89,
06-Nov-90,PO4P,5.15,
13-Nov-90,PO4P,4.28,
20-Nov-90,PO4P,6.41,
27-Nov-90,PO4P,5.95,
04-Dec-90,PO4P,6.33,
18-Dec-90,PO4P,8.15,
02-Jan-91,PO4P,7.96,
15-Jan-91,PO4P,9.74,
29-Jan-91,PO4P,7.66,
12-Feb-91,PO4P,9.21,
26-Feb-91,PO4P,6.75,
12-Mar-91,PO4P,6.22,
26-Mar-91,PO4P,3.07,
02-Apr-91,PO4P,2.27,
09-Apr-91,PO4P,2.43,
16-Apr-91,PO4P,0.99,
23-Apr-91,PO4P,0.76,
30-Apr-91,PO4P,0.6,
07-May-91,PO4P,0.76,
14-May-91,PO4P,0.6,
21-May-91,PO4P,0.76,
28-May-91,PO4P,0.6,
04-Jun-91,PO4P,0.61,
11-Jun-91,PO4P,1.06,
18-Jun-91,PO4P,0.6,
25-Jun-91,PO4P,0.6,
02-Jul-91,PO4P,0.6,
09-Jul-91,PO4P,0.6,
16-Jul-91,PO4P,0.6,
23-Jul-91,PO4P,0.6,
30-Jul-91,PO4P,0.6,
06-Aug-91,PO4P,0.6,
13-Aug-91,PO4P,0.6,<
20-Aug-91,PO4P,0.6,
27-Aug-91,PO4P,0.6,
03-Sep-91,PO4P,0.6,
10-Sep-91,PO4P,0.6,
17-Sep-91,PO4P,0.6,
24-Sep-91,PO4P,0.61,
01-Oct-91,PO4P,0.68,
08-Oct-91,PO4P,0.95,
15-Oct-91,PO4P,0.68,
22-Oct-91,PO4P,1.9,
29-Oct-91,PO4P,1.82,
05-Nov-91,PO4P,3.41,
12-Nov-91,PO4P,4.51,
19-Nov-91,PO4P,5.19,
26-Nov-91,PO4P,5.34,
03-Dec-91,PO4P,5.57,
17-Dec-91,PO4P,6.67,
07-Jan-92,PO4P,7.05,
14-Jan-92,PO4P,7.92,
28-Jan-92,PO4P,8.91,
11-Feb-92,PO4P,8.6,
25-Feb-92,PO4P,8.26,
10-Mar-92,PO4P,7.69,
24-Mar-92,PO4P,7.35,
07-Apr-92,PO4P,5.91,
21-Apr-92,PO4P,2.16,
05-May-92,PO4P,0.6,
19-May-92,PO4P,0.6,
02-Jun-92,PO4P,0.6,
16-Jun-92,PO4P,0.6,
30-Jun-92,PO4P,0.6,
14-Jul-92,PO4P,0.6,
28-Jul-92,PO4P,0.6,
11-Aug-92,PO4P,0.6,
25-Aug-92,PO4P,0.6,
08-Sep-92,PO4P,0.61,
22-Sep-92,PO4P,1.1,
06-Oct-92,PO4P,1.97,
20-Oct-92,PO4P,2.96,
03-Nov-92,PO4P,3.11,
17-Nov-92,PO4P,4.43,
01-Dec-92,PO4P,5.15,
15-Dec-92,PO4P,6.22,
12-Jan-93,PO4P,6.37,
26-Jan-93,PO4P,7.09,
09-Feb-93,PO4P,6.18,
23-Feb-93,PO4P,7.16,
09-Mar-93,PO4P,6.86,
23-Mar-93,PO4P,5.61,
06-Apr-93,PO4P,10.04,
20-Apr-93,PO4P,0.6,<
04-May-93,PO4P,0.6,<
18-May-93,PO4P,0.61,
01-Jun-93,PO4P,0.87,
15-Jun-93,PO4P,0.83,
29-Jun-93,PO4P,1.29,
13-Jul-93,PO4P,0.61,
27-Jul-93,PO4P,1.25,
10-Aug-93,PO4P,1.1,
24-Aug-93,PO4P,0.76,
07-Sep-93,PO4P,2.73,
21-Sep-93,PO4P,0.95,
05-Oct-93,PO4P,0.6,<
19-Oct-93,PO4P,2.54,
02-Nov-93,PO4P,0.72,
16-Nov-93,PO4P,1.74,
30-Nov-93,PO4P,2.69,
14-Dec-93,PO4P,3.3,
11-Jan-94,PO4P,3.68,
25-Jan-94,PO4P,5.31,
08-Feb-94,PO4P,3.75,
22-Feb-94,PO4P,3.52,
08-Mar-94,PO4P,5.46,
22-Mar-94,PO4P,4.81,
05-Apr-94,PO4P,4.78,
19-Apr-94,PO4P,2.58,
03-May-94,PO4P,3.07,
17-May-94,PO4P,0.6,<
31-May-94,PO4P,0.6,<
14-Jun-94,PO4P,0.6,<
28-Jun-94,PO4P,0.6,<
12-Jul-94,PO4P,0.68,
26-Jul-94,PO4P,0.6,<
09-Aug-94,PO4P,1.1,
23-Aug-94,PO4P,0.6,<
06-Sep-94,PO4P,0.6,<
20-Sep-94,PO4P,0.64,
04-Oct-94,PO4P,0.6,<
18-Oct-94,PO4P,0.64,
01-Nov-94,PO4P,1.88,
15-Nov-94,PO4P,3.2,
30-Nov-94,PO4P,0.6,<
13-Dec-94,PO4P,5.75,
03-Jan-95,PO4P,6.02,
17-Jan-95,PO4P,8.2,
31-Jan-95,PO4P,7.44,
14-Feb-95,PO4P,5.98,
28-Feb-95,PO4P,11.39,
14-Mar-95,PO4P,5.41,
28-Mar-95,PO4P,6.84,
11-Apr-95,PO4P,4.44,
25-Apr-95,PO4P,0.6,<
09-May-95,PO4P,1.43,
23-May-95,PO4P,0.6,<
06-Jun-95,PO4P,1.69,
20-Jun-95,PO4P,0.6,<
04-Jul-95,PO4P,1.05,
18-Jul-95,PO4P,0.71,
01-Aug-95,PO4P,0.86,
15-Aug-95,PO4P,1.28,
29-Aug-95,PO4P,0.6,<
12-Sep-95,PO4P,0.6,<
26-Sep-95,PO4P,2.59,
10-Oct-95,PO4P,2.22,
24-Oct-95,PO4P,0.79,
07-Nov-95,PO4P,9.32,
21-Nov-95,PO4P,6.32,
05-Dec-95,PO4P,4.44,
18-Dec-95,PO4P,7.67,
02-Jan-96,PO4P,6.77,
16-Jan-96,PO4P,7.56,
30-Jan-96,PO4P,2.9,
13-Feb-96,PO4P,6.32,
27-Feb-96,PO4P,7.78,
12-Mar-96,PO4P,5.79,
26-Mar-96,PO4P,4.47,
09-Apr-96,PO4P,1.77,
23-Apr-96,PO4P,1.28,
07-May-96,PO4P,0.94,
21-May-96,PO4P,1.02,
04-Jun-96,PO4P,0.6,
18-Jun-96,PO4P,0.79,
02-Jul-96,PO4P,0.6,<
16-Jul-96,PO4P,0.6,<
30-Jul-96,PO4P,0.6,<
13-Aug-96,PO4P,0.6,<
27-Aug-96,PO4P,0.64,
10-Sep-96,PO4P,0.6,
24-Sep-96,PO4P,0.75,
08-Oct-96,PO4P,0.64,
22-Oct-96,PO4P,1.84,
05-Nov-96,PO4P,1.65,
19-Nov-96,PO4P,5.08,
03-Dec-96,PO4P,5.64,
17-Dec-96,PO4P,5.68,
27-Jan-97,PO4P,6.62,
04-Feb-97,PO4P,6.73,
24-Feb-97,PO4P,6.62,
18-Mar-97,PO4P,4.55,
01-Apr-97,PO4P,1.77,
15-Apr-97,PO4P,0.79,
29-Apr-97,PO4P,0.6,
13-May-97,PO4P,0.6,<
27-May-97,PO4P,0.6,<
10-Jun-97,PO4P,1.02,
24-Jun-97,PO4P,0.6,<
08-Jul-97,PO4P,0.6,<
22-Jul-97,PO4P,1.09,
05-Aug-97,PO4P,0.6,<
19-Aug-97,PO4P,0.6,<
02-Sep-97,PO4P,0.9,
16-Sep-97,PO4P,0.6,<
30-Sep-97,PO4P,0.64,
14-Oct-97,PO4P,0.6,<
28-Oct-97,PO4P,0.6,
11-Nov-97,PO4P,0.94,
25-Nov-97,PO4P,2.33,
09-Dec-97,PO4P,5.11,
22-Dec-97,PO4P,4.7,
06-Jan-98,PO4P,5.49,
20-Jan-98,PO4P,6.28,
03-Feb-98,PO4P,6.43,
17-Feb-98,PO4P,7.75,
03-Mar-98,PO4P,6.73,
17-Mar-98,PO4P,6.02,
31-Mar-98,PO4P,2.67,
14-Apr-98,PO4P,1.17,
28-Apr-98,PO4P,0.6,<
12-May-98,PO4P,0.6,<
26-May-98,PO4P,0.6,<
09-Jun-98,PO4P,0.6,<
23-Jun-98,PO4P,0.71,
07-Jul-98,PO4P,0.83,
21-Jul-98,PO4P,1.35,
04-Aug-98,PO4P,0.6,<
18-Aug-98,PO4P,1.35,
01-Sep-98,PO4P,1.05,
15-Sep-98,PO4P,1.13,
29-Sep-98,PO4P,0.6,<
13-Oct-98,PO4P,0.71,
27-Oct-98,PO4P,3.01,
10-Nov-98,PO4P,4.36,
24-Nov-98,PO4P,4.62,
08-Dec-98,PO4P,5.9,
21-Dec-98,PO4P,7.56,
05-Jan-99,PO4P,9.06,
19-Jan-99,PO4P,6.66,
02-Feb-99,PO4P,7.97,
16-Feb-99,PO4P,6.92,
02-Mar-99,PO4P,8.2,
16-Mar-99,PO4P,7.86,
30-Mar-99,PO4P,5.34,
13-Apr-99,PO4P,2.9,
27-Apr-99,PO4P,1.13,
11-May-99,PO4P,0.6,<
25-May-99,PO4P,0.75,
07-Jun-99,PO4P,1.13,
22-Jun-99,PO4P,0.6,<
06-Jul-99,PO4P,0.6,<
20-Jul-99,PO4P,0.68,
03-Aug-99,PO4P,1.2,
17-Aug-99,PO4P,0.6,<
31-Aug-99,PO4P,0.68,
14-Sep-99,PO4P,0.79,
28-Sep-99,PO4P,1.47,
12-Oct-99,PO4P,0.83,
26-Oct-99,PO4P,1.37,
09-Nov-99,PO4P,2.9,
23-Nov-99,PO4P,4.29,
07-Dec-99,PO4P,6.05,
20-Dec-99,PO4P,7.18,
04-Jan-00,PO4P,8.12,
18-Jan-00,PO4P,7.37,
01-Feb-00,PO4P,8.61,
15-Feb-00,PO4P,7.33,
29-Feb-00,PO4P,7.97,
14-Mar-00,PO4P,7.11,
28-Mar-00,PO4P,6.92,
11-Apr-00,PO4P,6.05,
25-Apr-00,PO4P,2.44,
09-May-00,PO4P,0.6,<
23-May-00,PO4P,0.6,<
06-Jun-00,PO4P,1.96,
20-Jun-00,PO4P,2.07,
04-Jul-00,PO4P,0.3,
18-Jul-00,PO4P,0.79,
01-Aug-00,PO4P,0.64,
15-Aug-00,PO4P,1.96,
29-Aug-00,PO4P,0.86,
12-Sep-00,PO4P,0.64,
26-Sep-00,PO4P,0.86,
10-Oct-00,PO4P,1.88,
24-Oct-00,PO4P,1.73,
07-Nov-00,PO4P,5.49,
21-Nov-00,PO4P,6.5,
05-Dec-00,PO4P,7.03,
19-Dec-00,PO4P,7.44,
09-Jan-01,PO4P,10.42,
06-Feb-01,PO4P,11.81,
20-Feb-01,PO4P,8.23,
07-Mar-01,PO4P,8.57,
20-Mar-01,PO4P,6.96,
03-Apr-01,PO4P,6.96,
17-Apr-01,PO4P,7.07,
01-May-01,PO4P,2.78,
15-May-01,PO4P,0.83,
29-May-01,PO4P,0.6,<
12-Jun-01,PO4P,0.6,<
26-Jun-01,PO4P,0.6,<
10-Jul-01,PO4P,0.79,
24-Jul-01,PO4P,0.6,<
07-Aug-01,PO4P,0.49,
21-Aug-01,PO4P,0.6,<
04-Sep-01,PO4P,0.6,<
18-Sep-01,PO4P,0.6,<
02-Oct-01,PO4P,0.6,<
16-Oct-01,PO4P,1.58,
30-Oct-01,PO4P,2.67,
13-Nov-01,PO4P,3.53,
27-Nov-01,PO4P,2.71,
11-Dec-01,PO4P,5.56,
08-Jan-02,PO4P,7.44,
22-Jan-02,PO4P,7.14,
05-Feb-02,PO4P,7.56,
19-Feb-02,PO4P,7.48,
05-Mar-02,PO4P,6.92,
19-Mar-02,PO4P,8.57,
02-Apr-02,PO4P,1.24,
16-Apr-02,PO4P,1.5,
30-Apr-02,PO4P,1.2,
14-May-02,PO4P,0.79,
28-May-02,PO4P,0.68,
11-Jun-02,PO4P,1.05,
25-Jun-02,PO4P,1.11,
09-Jul-02,PO4P,0.89,
23-Jul-02,PO4P,0.79,
06-Aug-02,PO4P,0.6,<
20-Aug-02,PO4P,0.8,
03-Sep-02,PO4P,0.63,
17-Sep-02,PO4P,1.33,
01-Oct-02,PO4P,0.5,<
15-Oct-02,PO4P,1.15,
29-Oct-02,PO4P,1.33,
12-Nov-02,PO4P,2.38,
26-Nov-02,PO4P,2.72,
10-Dec-02,PO4P,5.17,
07-Jan-03,PO4P,5.69,
21-Jan-03,PO4P,6.04,
04-Feb-03,PO4P,6.57,
18-Feb-03,PO4P,7.79,
04-Mar-03,PO4P,7.96,
18-Mar-03,PO4P,6.57,
01-Apr-03,PO4P,0.8,
15-Apr-03,PO4P,0.6,<
29-Apr-03,PO4P,3.95,
13-May-03,PO4P,0.8,
27-May-03,PO4P,2.72,
10-Jun-03,PO4P,0.63,
24-Jun-03,PO4P,0.6,<
08-Jul-03,PO4P,0.8,
22-Jul-03,PO4P,1.15,
05-Aug-03,PO4P,1.17,
19-Aug-03,PO4P,1.36,
02-Sep-03,PO4P,2.49,
16-Sep-03,PO4P,1.92,
30-Sep-03,PO4P,2.03,
14-Oct-03,PO4P,1.15,
28-Oct-03,PO4P,1.09,
11-Nov-03,PO4P,1.76,
25-Nov-03,PO4P,0.7,
09-Dec-03,PO4P,3,
06-Jan-04,PO4P,3.19,
20-Jan-04,PO4P,4.97,
04-Feb-04,PO4P,6.76,
17-Feb-04,PO4P,6.19,
02-Mar-04,PO4P,6.07,
16-Mar-04,PO4P,6.95,
30-Mar-04,PO4P,3.66,
13-Apr-04,PO4P,1.83,
27-Apr-04,PO4P,0.6,<
11-May-04,PO4P,0.6,<
25-May-04,PO4P,0.6,<
08-Jun-04,PO4P,1.01,
22-Jun-04,PO4P,0.6,<
06-Jul-04,PO4P,0.6,<
20-Jul-04,PO4P,0.6,<
02-Aug-04,PO4P,0.6,<
17-Aug-04,PO4P,0.86,
31-Aug-04,PO4P,1.14,
14-Sep-04,PO4P,0.87,
28-Sep-04,PO4P,0.6,<
12-Oct-04,PO4P,0.6,<
26-Oct-04,PO4P,0.6,<
09-Nov-04,PO4P,1.15,
23-Nov-04,PO4P,1.56,
07-Dec-04,PO4P,3.98,
21-Dec-04,PO4P,5.05,
13-Jan-05,PO4P,5.11,
25-Jan-05,PO4P,6.14,
08-Feb-05,PO4P,7.12,
22-Feb-05,PO4P,7.21,
08-Mar-05,PO4P,5.83,
22-Mar-05,PO4P,5.54,
05-Apr-05,PO4P,0.6,
19-Apr-05,PO4P,0.62,
03-May-05,PO4P,0.6,<
17-May-05,PO4P,0.83,
31-May-05,PO4P,1.93,
14-Jun-05,PO4P,0.64,
28-Jun-05,PO4P,1.01,
12-Jul-05,PO4P,0.6,<
26-Jul-05,PO4P,0.68,
08-Aug-05,PO4P,0.6,<
22-Aug-05,PO4P,0.6,<
06-Sep-05,PO4P,0.6,<
20-Sep-05,PO4P,0.6,<
05-Oct-05,PO4P,1.75,
18-Oct-05,PO4P,0.6,<
01-Nov-05,PO4P,1.1,
15-Nov-05,PO4P,2.22,
29-Nov-05,PO4P,3.35,
13-Dec-05,PO4P,4.89,
10-Jan-06,PO4P,5.32,
24-Jan-06,PO4P,6.3,
07-Feb-06,PO4P,6.27,
21-Feb-06,PO4P,6.53,
06-Mar-06,PO4P,5.9,
21-Mar-06,PO4P,3.99,
04-Apr-06,PO4P,3.55,
18-Apr-06,PO4P,2.28,
02-May-06,PO4P,0.65,
16-May-06,PO4P,0.6,<
30-May-06,PO4P,0.6,<
13-Jun-06,PO4P,0.6,<
27-Jun-06,PO4P,0.6,<
11-Jul-06,PO4P,1.21,
25-Jul-06,PO4P,1.95,
08-Aug-06,PO4P,2.18,
21-Aug-06,PO4P,0.6,<
05-Sep-06,PO4P,0.79,
19-Sep-06,PO4P,0.6,<
03-Oct-06,PO4P,0.6,<
17-Oct-06,PO4P,0.6,<
31-Oct-06,PO4P,1.81,
14-Nov-06,PO4P,3.43,
28-Nov-06,PO4P,4.59,
12-Dec-06,PO4P,5.92,
09-Jan-07,PO4P,6.74,
23-Jan-07,PO4P,7.13,
06-Feb-07,PO4P,7.55,
20-Feb-07,PO4P,8.6,
06-Mar-07,PO4P,5.87,
20-Mar-07,PO4P,6.68,
03-Apr-07,PO4P,5.09,
17-Apr-07,PO4P,0.6,<
01-May-07,PO4P,0.6,<
15-May-07,PO4P,0.6,<
29-May-07,PO4P,0.6,<
12-Jun-07,PO4P,0.6,<
26-Jun-07,PO4P,1.14,
10-Jul-07,PO4P,0.6,<
24-Jul-07,PO4P,0.6,<
07-Aug-07,PO4P,0.8,
22-Aug-07,PO4P,1.18,
04-Sep-07,PO4P,0.6,<
18-Sep-07,PO4P,0.76,
02-Oct-07,PO4P,0.6,<
16-Oct-07,PO4P,0.93,
30-Oct-07,PO4P,1.23,
13-Nov-07,PO4P,3.26,
27-Nov-07,PO4P,5.13,
11-Dec-07,PO4P,6.41,
08-Jan-08,PO4P,7.01,
22-Jan-08,PO4P,6.17,
05-Feb-08,PO4P,7.73,
19-Feb-08,PO4P,5.63,
04-Mar-08,PO4P,6.05,
18-Mar-08,PO4P,5.86,
01-Apr-08,PO4P,4.88,
15-Apr-08,PO4P,2.47,
29-Apr-08,PO4P,0.66,
13-May-08,PO4P,0.6,<
27-May-08,PO4P,0.86,
10-Jun-08,PO4P,0.6,<
24-Jun-08,PO4P,0.6,<
08-Jul-08,PO4P,0.9,
22-Jul-08,PO4P,0.6,<
05-Aug-08,PO4P,0.6,<
19-Aug-08,PO4P,0.6,<
02-Sep-08,PO4P,0.6,<
16-Sep-08,PO4P,0.6,<
30-Sep-08,PO4P,0.6,<
14-Oct-08,PO4P,0.6,<
28-Oct-08,PO4P,1.76,
11-Nov-08,PO4P,2.82,
25-Nov-08,PO4P,3.97,
09-Dec-08,PO4P,3.1,
23-Dec-08,PO4P,4.18,
08-Jan-09,PO4P,5.61,
20-Jan-09,PO4P,5.85,
03-Feb-09,PO4P,5.87,
17-Feb-09,PO4P,6.41,
03-Mar-09,PO4P,5.3,
17-Mar-09,PO4P,4.83,
31-Mar-09,PO4P,2.08,
14-Apr-09,PO4P,0.6,<
28-Apr-09,PO4P,0.6,<
12-May-09,PO4P,0.6,<
26-May-09,PO4P,0.6,<
09-Jun-09,PO4P,0.6,<
23-Jun-09,PO4P,0.6,<
07-Jul-09,PO4P,0.6,<
21-Jul-09,PO4P,0.6,<
04-Aug-09,PO4P,0.6,<
18-Aug-09,PO4P,0.6,<
01-Sep-09,PO4P,0.6,<
15-Sep-09,PO4P,0.6,<
29-Sep-09,PO4P,0.6,<
13-Oct-09,PO4P,0.6,<
27-Oct-09,PO4P,4.3,
10-Nov-09,PO4P,2.34,
08-Dec-09,PO4P,4.31,
19-Jan-10,PO4P,6.43,
02-Feb-10,PO4P,5.75,
16-Feb-10,PO4P,6.93,
02-Mar-10,PO4P,5.64,
16-Mar-10,PO4P,3.53,
30-Mar-10,PO4P,0.8,
13-Apr-10,PO4P,0.69,
27-Apr-10,PO4P,0.6,<
11-May-10,PO4P,0.6,<
25-May-10,PO4P,1.24,
08-Jun-10,PO4P,0.6,<
22-Jun-10,PO4P,0.6,<
06-Jul-10,PO4P,0.6,<
20-Jul-10,PO4P,0.6,<
03-Aug-10,PO4P,0.6,<
16-Aug-10,PO4P,0.6,<
31-Aug-10,PO4P,0.6,<
14-Sep-10,PO4P,0.6,<
28-Sep-10,PO4P,0.6,<
12-Oct-10,PO4P,0.92,
26-Oct-10,PO4P,1,
09-Nov-10,PO4P,1.64,
23-Nov-10,PO4P,3.72,
13-Jan-11,PO4P,5.11,
25-Jan-11,PO4P,5.37,
08-Feb-11,PO4P,4.14,
23-Feb-11,PO4P,4.48,
08-Mar-11,PO4P,4.81,
22-Mar-11,PO4P,3.56,
05-Apr-11,PO4P,0.7,
19-Apr-11,PO4P,0.6,<
03-May-11,PO4P,0.6,<
17-May-11,PO4P,0.6,<
31-May-11,PO4P,0.6,<
14-Jun-11,PO4P,0.6,<
28-Jun-11,PO4P,0.6,<
12-Jul-11,PO4P,0.6,<
26-Jul-11,PO4P,0.6,<
09-Aug-11,PO4P,0.6,<
22-Aug-11,PO4P,0.6,<
06-Sep-11,PO4P,0.6,<
20-Sep-11,PO4P,0.6,<
04-Oct-11,PO4P,0.6,<
18-Oct-11,PO4P,1.24,
01-Nov-11,PO4P,1.18,
15-Nov-11,PO4P,1.99,
29-Nov-11,PO4P,3.49,
13-Dec-11,PO4P,3.24,
03-Jan-12,PO4P,3.6,
17-Jan-12,PO4P,4.8,
31-Jan-12,PO4P,3.7,
14-Feb-12,PO4P,4.7,
01-Mar-12,PO4P,3.6,
13-Mar-12,PO4P,3.5,
27-Mar-12,PO4P,0.7,
10-Apr-12,PO4P,1.4,
24-Apr-12,PO4P,0.6,<
08-May-12,PO4P,0.6,<
22-May-12,PO4P,0.6,<
06-Jun-12,PO4P,0.6,<
19-Jun-12,PO4P,0.6,<
03-Jul-12,PO4P,0.6,<
17-Jul-12,PO4P,0.6,<
31-Jul-12,PO4P,0.6,<
14-Aug-12,PO4P,0.6,<
28-Aug-12,PO4P,0.6,<
11-Sep-12,PO4P,0.6,<
25-Sep-12,PO4P,0.6,<
09-Oct-12,PO4P,0.6,<
23-Oct-12,PO4P,0.8,
06-Nov-12,PO4P,2.5,
20-Nov-12,PO4P,3.4,
04-Dec-12,PO4P,7.2,
18-Dec-12,PO4P,5.1,
08-Jan-13,PO4P,5.71,
22-Jan-13,PO4P,5.29,
05-Feb-13,PO4P,6.53,
19-Feb-13,PO4P,7.14,
05-Mar-13,PO4P,5.36,
19-Mar-13,PO4P,5.52,
02-Apr-13,PO4P,5.46,
16-Apr-13,PO4P,4.83,
30-Apr-13,PO4P,2.9,
14-May-13,PO4P,0.79,
28-May-13,PO4P,0.84,
12-Jun-13,PO4P,1.23,
25-Jun-13,PO4P,0.6,<
09-Jul-13,PO4P,0.78,
23-Jul-13,PO4P,0.6,<
06-Aug-13,PO4P,0.68,
21-Aug-13,PO4P,0.6,<
03-Sep-13,PO4P,0.6,<
17-Sep-13,PO4P,0.6,<
01-Oct-13,PO4P,0.6,<
15-Oct-13,PO4P,1.33,
29-Oct-13,PO4P,2.23,
12-Nov-13,PO4P,3.71,
26-Nov-13,PO4P,3.79,
10-Dec-13,PO4P,5.16,
